,DATE,STAR,LIKE,DISLIKE,TITLE,REVIEW
0,2021-11-05 22:36:40,5,0,0,재미있는 앱,재미있는 소설 즐겨주고 있어여
1,2021-11-04 09:15:56,1,0,0,.,아니 앱오류인가 아이폰오류인지 모르겠는데 웹소설 읽을려고 들어가니까 뒤로가기도 없고 환경설정도 안뜨고 왜이러는지 모르겠네요 진짜 최악임 설정하다가 울화통 터져서 그냥 앱삭제했어요
2,2021-11-03 00:47:01,1,0,0,쿠팡이츠 이벤트,"왜 쿠키 100개 안주시져,,,,"
3,2021-11-02 21:21:33,3,0,0,.,이북 볼 때 현재 페이지나 전체 페이지 수 볼 수 있으면 좋겠어요
4,2021-11-01 09:46:22,2,0,0,밥 벌이 힘들죠,작품 추천 그거 좀 틀려도 괜찮았어요. 어차피 추천은 추천일뿐이고 좋아하는 것과 다르니까요. 근데 예상 선호도 하.하. 밀리도 같지도 않은 책을 완독률 높게 잡더니..이건 뭐 그냥 할말을 잃게 만드네요. 완결까지 구매해서 읽은게 90% 인데 25화까지도 못따라간건 97% 이건 누구 아이디어로 표시 하기로 했나요? 분명 까라서 해서 그냥 넣었는데 알고리즘 까지 형편 없었던거겠죠 ㅎ
5,2021-10-31 05:25:03,5,0,0,폰트 건의,"울어봐 빌어도 좋고 보려고 깔았는데 거의 1년을 쿠키 바치며 재밌게 쓰고 있어요.
다 좋은데 마루부리 폰트 조금만 더 굵었으면 좋겠어요. 
지금 라이트 버전 아닌가요? 적어도 레귤러나 세미 볼드 정도는 됐으면 좋겠습니다 ㅠㅠ 마루부리 폰트 너무 좋아서 정식 버전 적용될 때까지 기대 많이 했는데 지금은 너무 얇아서 오히려 가독성이 떨어져요 ㅠㅠ 
뷰어도 문단 간격이랑 상하 너비까지 조절할 수 있으면 좋겠지만,,, 많은 건 안 바랄게요 형광펜이랑 책갈피 기능은 언젠가 꼬옥 넣어주실거죠? 기다릴게요,,,🥺 시리즈 화이팅!"
6,2021-10-29 16:39:31,3,0,0,불편한점,보기화면에서 뒤로가기 버튼이 불편합니다 버튼을 활성화 시키려고 화면을 누르면 자꾸 페이지이동이 되서요 사이드를 안누르면 되지만 사용하다보면 자꾸 움직여서 불편해요
7,2021-10-29 04:51:10,1,0,0,동북공정 작품들은 제발 수입하지 말아주세요.,지금 네이버 시리즈에 있는 많은 중국 작품들이 동북공정을 하고 있는데 왜 수입하는 건가요? 심지어 혐한 작가들까지 있다니…이런 건 작품 들여놓을 때 확인해야하는 게 아닌가요? 제발 조치 좀 해주세요. 여러 sns에 네이버에 중국인이 있다거나 중국에서 돈을 받았다는 글이 돌아다니는 건 아나요? 베댓 순서 조작도 이야기가 많은데…괜히 다운했네요.
8,2021-10-28 23:29:08,5,0,0,하이큐,굿
9,2021-10-26 23:28:04,3,0,0,소설 페이지 알 수 있게 해주세요,작품을 어디까지 보았는지 퍼센트로 표현되니깐 제가 읽고 있는 소설이 총 몇 페이지인지 제가 지금 어느 페이지까지 보았는지 알 수가 없어서 많이 답답해요 개선 부탁드립니다
10,2021-10-26 06:14:43,2,0,0,이건 또 뭔 경우 일까요..,기다무 이용권 쓰려다가 잘못 클릭해서 쿠키써버렸는데 쿠키 누르자마자 다운로드 완료 되더니 읽지도 않고 환불 알아보니까..환불도 안되네요..불편해요
11,2021-10-26 04:26:19,1,0,0,고객센터 헬임,연결 한 번 하기가 하늘의 별따기. 배째라도 이런 배째라가 없음. 예시문 외엔 질문따위 하지도마라는 식임. 니들은 불편하든가 말든가 나는 안듣겠음 이런 마인드인가봄. 츄이라는 기업의 기업 정신을 한번 참고해보면 좋겠음.
12,2021-10-25 07:37:52,5,0,0,왜 19세 이상 웹툰은 어플서 안보이죠?,아니 아이폰사파리에서 따로 볼거면 어플을 왜 씀 ㅠㅠ
13,2021-10-25 04:04:04,5,0,0,중독,봐도봐도 질리지 않는
14,2021-10-24 20:40:12,5,0,0,잼있어요,잼있어요
15,2021-10-24 07:31:48,4,0,0,다크모드 및 스플릿뷰,아이패드 앱에서 다크모드 및 스플릿뷰는 언제 지원될까요?
16,2021-10-24 03:16:17,1,0,0,내 쿠키!!!!!,"아니, 다 소장해 논 만화가 갑자기 서비스 중지해서 제가 결제해 논 화가 사라졌는데요? 제 쿠키 어쩌신건가요? 그리고 왜 사라졌는지 안내도 못 본 것 같은데, 아니 환불도 안 해줘요?"
17,2021-10-23 05:41:36,3,0,0,이어달리기 자동스크롤 필요,이어달리기 자동스크롤 필요
18,2021-10-22 18:52:08,1,0,0,환불해주세요,아니 저기요 왜 이거 깔자마자 12000원에서 자동결제되서 나가나요 쿠키가 들어온것도 아니고 아니 왜 깔자마자 뜬금 없이 돈이 나가는 겁니까 각설하고 환불해주세요 불쾌해요 진짜
19,2021-10-22 06:03:54,5,0,0,로그인이 안되는데요...........,로그인이 안되는데...
20,2021-10-20 07:33:09,5,0,0,조아요~~,굿
21,2021-10-19 08:57:26,4,0,0,시리즈 완전판이 없어서 불편합니다.,"안드로이드에서는 완전판 앱이 있어서 결제도 해 가면서 편하게 보고 있는데요.
iosz에서 완전판 앱이 없을 줄은 몰랐어요ㅠㅠ
언제쯤 지원이 될까요?
아이패드로도 시리즈 완전판 컨텐츠들을 즐기고 싶습니다^^"
22,2021-10-18 20:49:42,4,0,0,프리패스 문제,프리패스 이용권을 먼저 사용해야 하는데 기존의 대여권을 먼저 사용하도록 해서 매우 불편합니다.  프리패스 이용권을 먼저 사용하도록 해 주세요…. 이건 두시간마다 갱신되는 이용권인데…
23,2021-10-18 17:57:04,4,0,0,.,쿠키미션 했는데 지급을 못 받아요
24,2021-10-17 20:24:33,5,0,0,좋아요,좋으네요
25,2021-10-17 07:16:07,5,0,0,아이패드에서 사용할때,제발 아이패드로 쓸때 멀티태스킹으로 쓸 수 있게 해주세요 아이패드로 볼땐 화면이 너무 커서 힘들어요
26,2021-10-16 21:52:20,3,0,0,만화책 사라짐,지박소년 하나코군 만화책이 사라진 이유가 뭔가요? 매일 봤는데 13화까지 나왔다가 사라진걸로 기악해요ㅠㅠ 14화 나왔다고 하길래 시리즈에서 나올꺼라고 생각해서 들어갔눈데 14화는 커녕 다 사라져서 만화첵이 엇다고 나오더라고요..ㅠ
27,2021-10-16 21:16:10,2,0,0,구매했는데 다운로드가 안돼요.,"아이패드,아이폰으로 보려는데 다운이 안되네요. 앱을 깔아도 안되구요."
28,2021-10-16 07:24:01,5,0,0,다른 플랫폼에 올라오던 명작 웹툰을 네이버에서 즐길 수 있어서 정말 좋습니다,진짜 좋아요
29,2021-10-16 06:40:51,3,0,0,아이패드 다크모드 지원하게 해주세요,아이패드로 소설을 보는데 너무 밝아서 눈이 아픕니다. 다크모드 사용 할 수있게 해주십쇼 ㅠㅠ
30,2021-10-13 11:30:46,5,0,0,재미있어요~~~,보기 시작하면  계속해서  보고싶은  ~코로나19이겨  내자!!!더욱더  알차고  다양하고  멋진  작품들 많이많이 올려주세요~~~
31,2021-10-11 07:09:24,5,0,0,다양한,다양하게 찾는 소설 만화 거의 다 있어서 볼게 진심 많아 좋아요!
32,2021-10-10 08:36:33,3,0,0,즈기여,"저 10시 무료 이용권 신청했는데 밤 10시가 되도 이용권은 감감무소식이네여,, 다시 깔아도 이러는데 오류인가요,,?"
33,2021-10-10 03:34:44,5,0,0,용비불패,다시 봐도 최곱니다
34,2021-10-08 12:34:11,2,0,0,스플릿 뷰가 왜 되지 않는지,스플릿 뷰가 안 될 거면 웹툰 이미지 사이즈 조정이라도 되게 해 주시던지 아니면 패드용이라고 써 두질 말던지 태블릿 화면이라 뜨는 이미지는 엄청 큰데 한 번에 한 컷 제대로 안 들어갈 때도 많아서 진짜 보기 힘들고요 덕분에 보던 거 두어개 남기고 다 포기했음
35,2021-10-08 01:37:54,3,0,0,듣기 지원,듣기 기능이 절실합니다...
36,2021-10-07 21:55:04,1,0,0,고쳐줄때까지 써볼 예정,"하이라키부터 다시 만들어야 합니다. 제일 욕처먹는 모션 이런거 다 미뤄 두고서라도 이 메뉴의 구성과 순서부터 먼저 개편을 해야합니다. 만약 위에서 시켜서 이렇게 유지하라고한다면,"" 닥쳐 꼰대새끼야 뭣도 모르는게 뭘 만들려고 나대. 너도 낙하산이지 새끼야하고"" 입을 막아버린 다음에, 성과는 니가 처먹고 내 야근수당이나 내놔히면서 앱의 하이라키를 바꿔야하지 않을까 싶습니다. 하고 이렇게 만들 정도로 무능한 사람이라면 이참에 일 잘해서 먹어버리눈것도 나쁘지 않을지도..."
37,2021-10-07 19:14:18,5,0,0,무료쿠키 ㅠㅠㅠ,무과금러는 쿠키를 열심히 굽고잇는데 ㅠㅠㅠ 쿠키를 조금더 구울수잇게 해주시면 안댈까영 ㅠㅠㅠ
38,2021-10-06 22:11:04,3,0,0,아이폰도 볼륨키로 쪽 넘김 적용해주세요.,"아이폰 12 유저입니다. 남자친구는 갤럭시 S20울트라고요, 남자친구 폰으로 잠깐 이용해봤는데 볼륨키로 편하게 넘기더라고요. 아이폰 설정에는 볼륨키로 쪽 넘김 설정이 없는 걸 보니 아예 적용이 없는 거 같습니다… 조금 섭하네요 아이폰 유저들에게 그러한 기능을 제공하지 않는 이유가 따로 있나요?"
39,2021-10-06 20:47:39,5,0,0,유미의세포 재밌어요,"드라마 보기전에 미리 봐두려고 시작했는데
이제서야 보게된걸 후회할정도로 재밌네요"
40,2021-10-06 15:40:08,5,0,0,역시네이버,역시네이버
41,2021-10-05 00:42:59,5,0,0,로그인이..,"제가 로그인 할려고 아이디랑 비번 누르고 완료했는데 (안전방지문자)
근데 계속 같은화면이 나오더라구요..고쳐주세요오.."
42,2021-10-03 20:03:28,1,0,0,앱 왜 깔아야되는거죠,pc로 보겠다는데 왜 굳이 계속 앱 깔아서 보라고 하는거죠..앱 안 깔면 만화를 못 보네요..이럴려고 쿠키 구운게 아닌데
43,2021-10-02 09:20:49,5,0,0,잼,꿀잼
44,2021-09-29 23:11:55,4,0,0,좀더 독자들의 의견에 귀기울여 주면 좋겠네요.,"좋은 작품들 잘 골라서 빠르게 올려주는 것에 매우 만족합니다.
하지만 번역이나 교정등에서 수정해야 할 부분이나 개선되야할 점에 대한 독자들의 의견이 제대로 반영된 경우를 못봤네요.
독자들이 구매자라는 점을 잊지 않아야 할것입니다."
45,2021-09-29 15:15:28,5,0,0,굿,시간브렠
46,2021-09-29 07:28:52,5,0,0,잘 보고 있어요,"잘 보고 있어요.
장르가 다양해지기를 바랍니다."
47,2021-09-29 03:42:03,4,0,0,소장한게 판매중지 됐는데,쿠키 돌려주세요
48,2021-09-28 23:07:06,5,0,0,무료쿠키라면서….!!!,무료쿠키라면서 왜 쿠팡으로 뭘 사라고해요…?
49,2021-09-27 09:32:48,5,0,0,너무 좋아요,무협소설 읽기를 좋아하는데 가까운 곳에 대여점이 없어서 차를 타고 가서 빌려옵니다. 시리즈 덕에 이제는 편하게 봅니다. 다만 가격이 조금 비싼게 흠입니다.
50,2021-09-27 02:52:09,2,0,0,너무재밌어서,"돈이너무나가요
ㅜㅜ"
51,2021-09-26 20:09:16,5,0,0,최고입니다,웹툰 너무 재미있어요
52,2021-09-25 20:03:24,5,0,0,안녕하세요,시리즈 정말 잘 이용하고 있습니다. 그런데 건의할 게 하나 있어 말씀드려요. 시리즈 웹에서 MY메뉴에 이용권 내역을 삭제할 수 있는 기능이 생겼으면 하는 바람입니다. 감사합니다.
53,2021-09-23 11:32:35,3,0,0,좋음,"아쉬운게있는대 넘기는 방향 설정못하고 
Pc에서 지원되는 클립 
꽉찬 화면 지원 이런 몇몇기능이 없어서 아쉬움"
54,2021-09-21 00:00:34,5,0,0,로판소설 많아서 넘 좋아여,네이버 시리즈 다시 깔았는데 역시 책이 많아서 좋네요
55,2021-09-20 19:38:51,5,0,0,너무 재밌어요!!,와! 대박!! 작가님 완전 화이팅입니다❤️
56,2021-09-20 08:22:33,5,0,0,재밌어요,정말로
57,2021-09-20 06:52:02,1,0,0,듣기기능 안되나요?,기계음이라돛좋은데 듣기기능좀  눈이너무 피로해서 ㅠㅠ
58,2021-09-20 01:27:33,5,0,0,짱재미있다,정말재미있도다
59,2021-09-20 00:41:26,5,0,0,기다려져요^^,너무 재미나염 감동 감동^^
60,2021-09-19 14:55:39,5,0,0,편의성,소설을 읽을 때 실제 책장을 넘기는 것과 같은 느낌이고. 별도 책갈피가 없이 저절로 인식되어 많이 편합니다
61,2021-09-19 00:15:16,2,0,0,다운로드가 드럽게 느립니다,개선좀해주십시요
62,2021-09-18 06:39:47,4,0,0,넷플보고 왔어요,너무 재미있어요
63,2021-09-18 03:28:47,5,0,0,굿,좋아요
64,2021-09-17 22:38:23,4,0,0,제발 책갈피 기능 추가해주세요,제발제발!!!!!!! 책갈피ㅠㅠㅠㅜㅠㅠ 딴건 바라지도 않아요 책갈피 제발요 책갈피!!!
65,2021-09-17 07:25:31,5,0,0,어플은 좋음,"카카오페이지보다 작품이 적은게 단점
그러나 카카오는 이벤트도 짜고 유저에게 불편한 인터페이스
작품이 더 많아지길"
66,2021-09-17 06:48:45,5,0,0,노무조차,ㅋㅋㅋㅋ
67,2021-09-15 16:15:04,5,0,0,잘보고있습니다.,"첫회보고 리뷰남깁니다.
이제2회봐야지ㅋㅋ
즐감하겠습니다."
68,2021-09-15 06:53:43,1,0,0,브라우저로 보게해주지,앱깔기 귀찮아 죽겠음 샀는데 보지도 못하고
69,2021-09-14 07:36:13,3,0,0,최근 본 만화도 동기화 하게 해주세요,"제목과 똑같습니다
네이버 웹툰 처럼 최근 본 도 동기화 돼게 해주세요"
70,2021-09-13 18:15:28,5,0,0,오탈자 수정이 필요하네요,오탈자 맞춤법 등장인물 이름 바꿔쓰는것등이 거슬리긴하지만 재밌는 소설들이 많아서 좋아요
71,2021-09-13 17:44:49,5,0,0,찬란한 액션유치원,다음 시즌 연재하라 제발 ㅜㅜ
72,2021-09-11 17:26:47,1,0,0,대여 잘못눌러서 쿠키날림 ㅗ,"아니 제가 대여를 잘 못 눌러서 취소하기 버튼을 눌렀는데요 그것도 두번이나 근데 취소는 커녕 그냥 무시하고 결제 되던데요?그래서 쿠키 날렸습니다..
대여나 소장 할때 대여 클릭한뒤 대여하시겠습니까?나오고 네/아니 요로 클릭해서 잘못 누른 사람들 쿠키 날려버리게 안 해주셨으면 좋겠습니다.. 그것만 빼면 괜찮은 것 같네요.,;;"
73,2021-09-11 06:35:26,5,0,0,기안84,전설의 시작
74,2021-09-10 21:08:43,5,0,0,재미있게 보고있습니다!,앞으로도 잘 부탁드립니다
75,2021-09-10 19:18:18,3,0,0,앱간 읽은 기록 연동좀..,아이패드 아이폰 번걸아가며 읽는데 어디까지 읽었는지 연동이 인되서 중간에 읽은 곳 찾다가 지지치게 되네요
76,2021-09-10 05:59:52,5,0,0,독점은 역시,독점으로 볼거리가 많아요
77,2021-09-09 10:20:22,5,0,0,👍,좋은건 소문내지 않아도 나중에는 누구나 알수있지요!!^^
78,2021-09-08 18:16:47,5,0,0,보기편해서 좋아요,글씨크기며 화면설정등이 다양해서 보기가 편해요
79,2021-09-08 17:53:09,5,0,0,추가되면 좋겠어요,"타 플랫폼이 비해 재화를 많이줘서 잘 이용하고 있습니다!
소설이나 만화도 다양하게 있어서 보는 재미도 있고요👍
다만 아쉬운게 아이패드로 사용할때 스플릿 뷰가 지원되면 좋겠어요.
소설, 웹툰, 만화 등을 보다 기록하고 싶은 회차가 있다면,
메모하고 하고 싶을때 메모장 앱이랑 왔다갔다하는게 불편해요."
80,2021-09-08 00:03:37,3,0,0,좋은 앱인데 아쉬운점이 있다면,"왜 안드로이드는 완전판이 있는데 ios에는 없나요?
아니면 앱스토어 시리즈에서도 성인인증하면 성인 컨텐츠도 노출되게 했으면 좋겠어요…"
81,2021-09-07 19:59:16,5,0,0,웹소설 표지 가리기 기능,좀 만들어주리면 안될까요
82,2021-09-07 07:26:28,5,0,0,다크모드 추가…🥺,화면을 넘기거나 그런 곳에는 불편함이 딱히 없어요! 근데 처음 들어오고 홈? 같은 곳도 다크모드 적용하게 만들 수 있을까요?? 물론 소설 읽을때는 설정에서 밝기 조절하면 되지만 홈에는 다크모드라던지 그런 설정이 없더라고요 그래서 들어올때마다 눈 아파요
83,2021-09-06 17:42:54,5,0,0,좋아요,ㅁㅁ
84,2021-09-06 06:40:01,1,0,0,커버에 옷 좀 그만 벗기세요 창피해서 못보겠어요,ㅈㄱㄴ
85,2021-09-06 04:36:44,4,0,0,내맘대로되지않네,"아이폰으로 쓰는데, 터치에 따라 실행되는 액션들이 너무 불규칙적이예요. 쓰기 좀 더 수월했으면 좋겠어요."
86,2021-09-05 02:29:11,5,0,0,오이거,좋네
87,2021-09-04 06:06:22,5,0,0,재밌어요,좀 더 다양한 스토리구성의 소설이 있었으면 좋겠어요
88,2021-09-04 05:13:27,3,0,0,팅기는건 언제 고처줄까나요 쿠,보다가 한번씩 팅기내요
89,2021-09-04 04:57:02,4,0,0,좋은데,가로로 볼때 페이지를 이상하게 잘라놓는 경우가 너무 많아서 몰입이 안돼요 ㅠㅠㅠㅠ 실수있는건 이해하지만 빨리 좀 수정해주세요
90,2021-09-04 01:51:10,5,0,0,좋아요,좋아요굿굿굿굿굿굿
91,2021-09-03 19:44:02,4,0,0,업데이트 된거 같은데,"화면이 전보다 작아져서 
불편함이 좀 있지만 
괜찮습니다"
92,2021-09-03 13:38:25,3,0,0,앱 사용 불편,아이폰 유저인데 완전판과 개정판 선택할 수 있었으면 좋겠습니다~
93,2021-09-03 06:34:14,5,0,0,정말 재미있어요,으근 중독성이 있네요
94,2021-09-03 01:47:30,2,0,0,제발 TTS기능 좀 넣어주라!!,너네 좋은 기술있잖아. 그 기술력 왜 안쓰냐고!! 좋은 작품 독점해갔으면 다양한 환경에 있는 사람들 배려 좀 하자. 다음 업데이트에 TTS기능 기대할게.
95,2021-09-02 09:34:16,3,0,0,Tts기능이 있었으면.,타 플랫폼들을 넘어설듯
96,2021-09-02 04:42:39,5,0,0,비싸요,복사판 스토리가 올이라 많은지…..
97,2021-09-02 04:10:28,2,0,0,리뷰,정렬이 불편하고 특정작품만 홍보해주고 작품홍보에 형평성이 떨어진다
98,2021-09-02 02:14:59,5,0,0,구대문파,너무재미있어여.
99,2021-09-02 01:04:20,4,0,0,Ui 개선 요청,소장권 구매시 키보드 입력또는 장수를 구분해서 입력란을 주셨으면 합니다
100,2021-09-02 00:53:33,5,0,0,좋은작품,너무나 재밌고 좋은 작품들로 인해 삶이 즐겁네요~**
101,2021-09-01 23:56:50,4,0,0,현실을 외면하고 싶은 판타지적 세상,"사람들은 누구나 지금 현실을 강하게 부정할때가 있다. 그래서 만약(If~)이 범람한다. 
그래서 누구나 한번쯤 그려보는 그랬다면 하는 판타지적 요소를 간접체함할 수 있는 장르소설을 찾는다. 여기 “시리즈”가 큰 역할을 담당하고 있다."
102,2021-09-01 22:31:11,3,0,0,화면 불편,"1. 가로 세로 화면 전환이 안되어 불편
2. 화면 밝기를 앱 내에서 조절할수 없어서 불편"
103,2021-09-01 15:43:20,5,0,0,힐링,시간 가는 줄 몰라요
104,2021-09-01 12:40:20,5,0,0,이용권내역 삭제 (그리고전독시사랑해요!!),"아까 구매내역 삭제해달라구 했었는데 이왕이면 이용권내역도 삭제할 수 있도록 하면 좋겠어요! 보관함에 제가 보는 거 말고 다른 작품이 있는게 싫어요,, 아 글구 전독시 시리즈에 있어서 네이버 웹툰이랑 쿠키 같이 쓸 수 있어서 너무 좋아요❤️❤️"
105,2021-09-01 07:21:09,3,0,0,시리즈는 있는 이유는 바로,이거 왜있는지 암? 쿠키받으려고 온다 시방새들아
106,2021-08-31 19:21:56,5,0,0,오오 프리패스,2시간마다 무료하니 감사합니다 대박!!!
107,2021-08-30 05:27:57,2,0,0,아이패드 사용자화,다른 웹툰 앱들 다 되는 아이패드 화면분할이 안되니 너무 불편합니다
108,2021-08-27 08:47:31,4,0,0,.,"잘 사용하고 있었는데, 저번부터 잘 되던 무료 포춘쿠키가 오늘은 왜 안 나오는거죠…"
109,2021-08-22 10:47:41,1,0,0,IOS 좌우여백 좀 ㅠㅠ,"좌우여백 좀 바꿀 수 있게 해주세요
핸드폰 손으로 잡는 부분까지 글자가 꽉 차서 잡기도 힘들고 읽기는 더 힘들어요"
110,2021-08-21 09:06:53,4,0,0,쿠키 결제 했는데 왜 안주세요,아니 쿠키 결제 했는데요 왜 안주십니까ㅋㅋㅋㅋㅋ 저번에도 안되길래 그냥 기다렸는데 몇시간 후에 도ㅕ길래 이번에도 기다렸는데 하루가 지나도 쿠키가 안오네요ㅋㅋㅋㅋㅋㅋㅋ 지금 새벽이니까 이틀인가요ㅋㅋㅋㅋㅋ 사람한테도 먹튀 안당해 봤는데 앱한테 당해보네요 하하 진짜
111,2021-08-20 20:11:55,4,0,0,글씨 크기 조절,뷰어에서 확대나 축소했을때 글씨크기 조절 안되게 설정할 수 있으면 좋을것같아요 화면이 어디쓸리면 자꾸 글씨 크기가 바뀌어서 불편해요. 그리고 발췌 기능 만들어주시면 좋겠습니다..
112,2021-08-20 08:35:37,4,0,0,기기 별로 저장되는 읽었던 내용,"제가 아이패드랑 핸드폰 두 기기를 이용해서 시리즈로 웹소설을 읽는데요. 
왔다 갔다 읽으니까 한 기기에서만 읽었던 내용이 저장이 된다고 해야하나요? 그게 조금 불편해요!! 
나머지는 정말 잘 사용하고 있습니다. 
계정 당 저장되는걸로 바꿔주시면 좋을 것 같아요!!"
113,2021-08-19 20:02:45,3,0,0,시리즈 좋긴한데,글 가독성이 너무 떨어져요; 문단이라도 나누면 좋겠는데 책마다 다 다르고 위에서부터 쭉 그대로 내려쓴거라서 읽기가 불편한 부분이 있습니다. 문단 좀 나눠서 올리면 괜찮을거 같아요
114,2021-08-19 19:01:17,2,0,0,벌써 두번째에요,쿠키얻을려고 앱깔고 회원가입했는데 쿠키가 전혀 지급이 안됐어요 그래서 문의도 넣어보고했는데 오늘 또 쿠키가 지급이 안됐어요 한번도 아니고 두번째에도 쿠키가 지급이 안돼요 제가 웹툰 한편 볼려고 이런저런 방법 다 시도해봐도 전혀 개선이 되지 않아요 비록 무료 쿠키긴해도 저한테는 그거 얻을려고 생쑈를 했는데 너무 스트레스 받아요
115,2021-08-19 08:21:59,3,0,0,쿠키 오류,분명 쿠키가 1시간 뒤면 풀린다 해서 기다리고 있었는데 다른 사정 때문에 못받았어요. 그래도 나중에 받을 수 있으니 받으려 했는데 왜 24시간 더 기다려야 하죠..? 분명 1시간 뒤에 풀린다 했는데.
116,2021-08-19 00:41:45,3,0,0,스플릿뷰 지원은 언제…,지원 계획이 있는지 궁금합니다
117,2021-08-15 21:00:32,5,0,0,대여권,다 좋은데 대여권 미리살수있는 기능 있었으면 좋겠어요
118,2021-08-15 08:43:09,4,0,0,뷰어에 바탕체랑 여백설정좀 추가해주세요,시리즈만 유독 뷰어가 불친절해요
119,2021-08-15 03:42:21,1,0,0,아니 방지 문자를 몇 번이나 해야 합니까 ;;,지금 방지 문자만 서른 개는 넘게 했어요 웹툰 하나 볼려고 이렇게 개고생을 해야 하나요 ;;;
120,2021-08-14 06:15:47,4,0,0,다 좋아요,다 좋은데...이용권이 왔다고 하는데 쓰지를 못하는 경우가 있네요. 버그만 수정 바랍니다.
121,2021-08-13 04:02:54,1,0,0,변함 없이 한결 같은 앱,"무려 이 앱을 이용한 2년째,,
서버이상이라고 건들지도 못하고 팅기고,
이용권만료 라고 이제 막 읽기 시작 했는데 팅기고,
이건 뭐 읽지 말라고 사정하는 도서 앱..

거지 같이 거지 같은 뭣 같은 앱 ‘시리즈!!’

이 걸로 돈 벌어 먹는 놈들 다 하루에 두 번씩 체해라!!
건강하지 못 하고, 행복하지 못 하고, 웃지 못 하는..
니들도 한결같이 괴로운 사람 돼라!"
122,2021-08-13 01:35:15,2,0,0,왜 매열무 중단하면 재시작이 안되나요?,잘못 눌러서 중단 했는데 아예 중단이 되어버렸네요 재시작 되게 해주세요 쿠키 28개 더 쓰게 생겼어요
123,2021-08-11 05:57:44,5,0,0,이거 제발 봐주세요,"제가 문의를 어떻게 해야하는지 몰라서 부득이 하게 여기서 쓸게요.
천화서고 대공자 쿠키 당첨 했는데 8.17일까지 받으라면서 이벤트가 존재하지 않는다네요ㅠㅠ 아이디 tjdud2243이고 당황하긴 했는데 저번에 리뷰랑 제안? 했는데 긍정적이게 봐주시고 바로 답해주셔서 놀랐어요. 앱 잘 사용하고 있고 위 문제만 처리 부탁드려요..ㅠㅠㅠ"
124,2021-08-10 10:36:07,1,0,0,시리즈 완전판은 뭔데….,성인 등급의 작품을 기존 어플에서 사용할 수 없게 변경할거면 볼 수 있는 환경은 마련해두고 바꾸는게 순서가 아닌가 싶다. 서비스 이용 방법을 바꿔놓고 시리즈 완전판에서 이용해달라는 공지만 있고 정작 중요한 어플은 앱스토어에 없는게 일의 순서가 바뀌었다는 생각이 든다. 내가 이럴거면 왜 돈주고 정식으로 컨텐츠를 이용하는 건가 싶다.
125,2021-08-10 01:48:31,3,0,0,오류 수정좀요ㅠㅠ,2일차랑 4일차 미션 다 했는데도 안됐다고 해서 ㅠㅠㅠ 속상했네요..
126,2021-08-07 00:44:54,2,0,0,네이버 로그인말고 카톡 로그인이나 이메일 로그인도 추가해주세요,"제가 폰을 바꿨는데 네이버 로그인이 안되서 못보고 계속 들어가지도 못하고있어요 ㅜㅜ 네이버 로그인 안된사람들도 볼수있게 이메일 로그인이라도 추가해주세요,,"
127,2021-08-06 02:07:30,2,0,0,오류,네트워크 문제로 계속 로그인이 안되는데 처리좀
128,2021-08-05 09:05:28,2,0,0,제발 페이드인아웃 효과 없애게 해주세요,"다른 앱 갔다가
혹은 화면 껐다가
다시 돌아가면
왜 계속 페이드인효과 봐야하나요?
정말정말 불편해요
불편해요 불편해요
하나도 멋없어요 90년대 감성인가요?
제발 없애든가
없앨수 있도록 뷰어설정하게해줘요"
129,2021-08-04 21:32:59,4,0,0,시계,"조선 스트리머 40화까지 봤는데
시계가 사라졌는데
이거 오류 인가요?"
130,2021-08-04 11:37:15,2,0,0,다운로드 편집 안됨,핸드폰 용량이 부족해서 다운로드 한 웹소설들이나 만화 만료항목 삭제 할려고하는데 다운로드 편집에서 항목 선택할려고하면 그때부터 갑자기 항목이 선택이 안되던데 이건 제 핸드폰이 이상한 건 가요...? 다른 웹소설 다운로드는 잘만 되는데 만료항목 삭제만 안되서 미칠 것 같아요 ㅠㅠㅠ
131,2021-08-03 06:49:05,1,0,0,제발 고쳐주세요오ㅠㅠ,"알람이 안떠요…진짜 설정도 알람 켜져있고, 앱에도 알람 다 켜져있는데 왜 알람이 안뜨는 거죠?ㅠㅠ"
132,2021-08-02 08:15:51,1,0,0,앱실행하면 무료 쿠키 하는거ㅎ 거지같다,원래 이런거 안쓰는데 앱실행 무료쿠키 앱추적도 풀고 다했는데도 안돼서 괜히 시간낭비 한것 같아서 씀ㅎ 이럴꺼면 걍 무료쿠키 창을 없애라 주지도 않을꺼
133,2021-07-31 23:18:50,1,0,0,아니 원래 잘 보던게 갑자기 15세 제한이 됬음,쿠키도 엄청 썼는데 좀 당황스럽네;;;
134,2021-07-31 06:04:36,4,0,0,제발,죄송한데 나이 인증 어디서 합니까??
135,2021-07-30 01:18:12,4,0,0,무료 좀,"다른 건 정말 다 좋아요..!! 근데 무료 쿠키 좀 많이 해주세요, 쿠키 1개라도 좋으니 무료 좀 많이 많이 주세요ㅠㅠ"
136,2021-07-29 06:37:50,4,0,0,이용권,이용권을 얻었는데 사용이 안돼네요
137,2021-07-29 04:13:26,3,0,0,로그인이 안되네요,아이패드 구매하게 돼서 로그인하려니 영수증 틀리기도 않았는데 안됩니다
138,2021-07-28 20:34:18,1,0,0,왜 나 변태 만드세요..,그냥 막장막장 그런거 본건데 폰 바꾸고 이번에 보려니까 15세라그러니까 완전 변태된ㄷ기분 만나이라ㅛㅓ 더 빡팀.. 흥흥
139,2021-07-28 10:08:16,3,0,0,쿠키가 안 들어와요,로보타워 스테이지 50 찍었는데 쿠키 19개 안 들어와요.. 하느라 시간이 좀 걸려서 그런가 싶다가도 안 들어오니까.. 이용문의도 보냈는데 안 들어와서
140,2021-07-25 12:45:35,1,0,0,읽기기능좀,제발부탁합니다 읽기기능좀 넣어주세요 개발자님… 제발부탁합니다 읽기기능좀 넣어주세요 개발자님… 제발부탁합니다 읽기기능좀 넣어주세요 개발자님…
141,2021-07-23 09:04:08,1,0,0,로그인 에바,아니뭔로그인 몇번하라는거야 눈아파 죽겠어요 진짜 소설하나 보려고 이고생 해야합니까 로그인해도 로그인창이 계속뜨네
142,2021-07-22 23:52:57,1,0,0,어플이 시간이 지나면 완성도가 올라가야 하는데..,무슨 업데이트 하면 할수록 광고만 늘어나고 오류는 왤케 많아지나요?; 차라리 업데이트를 하지말고 냅두세요.. 없던 오류에 응답없음은 5편당 한번씩 걸릴정도이고..뭐하는 건지 모르겠네요
143,2021-07-21 19:18:11,2,0,0,발췌기능,발췌 기능 좀 넣어줘요
144,2021-07-21 11:28:43,1,0,0,써본 어떤 어플중에서도 제일 최악,"보다가 갑자기 꺼지는데 한두번이 아니고 매번이네요..^^
돈도 내면서 보는데 이럴거면 어플을 꼭 깔아서 보게하지를 말던지... 그냥 웹상에서 볼 수 있게 해줘요 차라리..
정말로 최악이네요"
145,2021-07-21 10:29:20,4,0,0,하이라이트,"하이라이트나 형광펜 기능좀 넣어주세요 
나중에 찾기가 너무 힘들어요 ㅠㅜ"
146,2021-07-19 00:37:11,1,0,0,쿠키만 날림,네이버 웹툰 앱에서 쿠키 9개 주고 대여했는데 시리즈 앱에서 읽으라길래 시리즈 앱 깔았더니 시리즈 앱에서 다시 쿠기 9개로 대여하라고 뜸 이게 대체 뭔; ㅋㅋ
147,2021-07-18 00:43:30,1,0,0,15세 이상,아니 오랜만에 깔아서 볼려고 했는데 15세 이상 부터 보라고 적었더라고요 .. 그럼 15세 미만 이면 못보는게 좀 그러네요..
148,2021-07-17 20:54:49,1,0,0,너무 느려요,"한장 한장 넘기는게 너무 힘드네요.. 개선 부탁드려요.. 책을 새로 사기는 아깝고 ,,,불편해서 보기가 힘드네요.."
149,2021-07-14 06:51:16,1,0,0,앱 기능이 왜 이런가요?,"아니 적어도 시스템과 연동해서 야간모드 변경 되게 한다던가 해야지 그런 기능 1도 없고. 
그것도 모자라서 앱 자체에서 그럼 야간모드로 자동변경되게 한다던가. 

그리고, 아니 왜 화면 잠김이 시스템에 설정해 둔 시간보다 더 빨리 잠깁니까? 

it대표 기업이라더니 이거 뭐 기본도 안되어 있어요??"
150,2021-07-13 02:48:52,5,0,0,무료회차문제,갑자기 무료회차가 안 되는건 뭐죠..
151,2021-07-11 09:02:27,5,0,0,신고항목에 스포일러도 만들어주세요ㅠ,ㅇㄴ 진짜 스포 댓글이 수두룩한데 신고할 수 있는 기능이없네요...하
152,2021-07-10 02:03:39,3,0,0,다운로드 유료?,다운로드가 유료인가요?
153,2021-07-09 17:38:00,1,0,0,정말 개선이 시급한 문제가 있습니다. 개발자님들 꼭 봐주세요.,"보고 싶은 도서나 작가명을 검색했을때 한글자라도 틀리거나 영/한 표기를 다르게 검색할시 검색이 안됩니다. 비슷한 것이라도 찾아서 보여주는게 검색의 기본 아닌가요. 예를 들어 [전지적 독자 시점]이라는 작품이 보고싶어서 [전독시]라고 검색했는데 단 하나의 작품도 띄워주질 않습니다. 작품명이 길거나 해외 작가명같은 경우는 정확한 이름을 모르는 경우도 많고요. 맞춤법을 다르게 기억하는 경우도 있습니다.
오타는 말 할 것도 없고요.
결국 원하는 결과물을 찾지못해 다른 앱을 켜게 되는 경우가 있습니다.
찾으려는 작품이 없으면 넷플릭스나 왓챠처럼 비슷한 장르의 작품을 띄워줘도 모자랄 판에 있는 작품도 안띄워주는게 무슨 웃음거리입니까?
제발 개선 부탁드립니다. 앱을 사용한지 오래됐는데
아직도 개선이 안된걸 보니 답답해서 몇자 적어봅니다. 이래도 개선이 안되면 정말 구제불능의 앱이란 생각밖에 안 들 것 같습니다."
154,2021-07-09 10:26:28,2,0,0,ios버전이요..,최근 안드로이드에서 아이폰으로 바꿨는데.. 완전판이 아니더라구요 ios버전만들어주세요~~ 관심목록에 있던 소설이 죄다 없어졌네요ㅠㅠ
155,2021-07-08 04:18:36,2,0,0,업데이트가 안되요 3.20에서 3.21로..,"시리즈 들어가면 3.20으로 업데이트 하라고 나오는데요
들어오면 열기버튼만 있어요
iOS는 최신입니다."
156,2021-07-06 22:30:57,1,0,0,클릭할 때마다 업데이트,"결제하고 보면서 불편함을 전혀 느끼지 않는데 매번 업데이트 하란 문구는 왜 띄우는 것인지... 이게 더 불편합니다. 
누굴 위한 업데이트인지는 모르겠으나 업데이트를 그만 좀 하시면 안 되겠습니까!!! 업데이트 하려니 열기로 되어 있어 할 수도 없고 그래서 기다리던 수요일 웹소설도 못 보고.. 기분이 너무 나쁨"
157,2021-07-06 08:25:18,5,0,0,함 봐듐,평점높여주긩
158,2021-07-06 03:33:33,1,0,0,아이패드 스플릿뷰지원,"아이패드에서 스플릿뷰 지원부탁드립니다 패드의 큰화면을 시리즈하나만 사용하니 너무 답답합니다 경쟁사 카카오페이지는 지원하더군요 
7월6일 아직도 지원안함 답답하네 이게 대기업맞나"
159,2021-07-05 03:52:02,1,0,0,강제업뎃해서 1점 드립니다,호환성 개념도 없는 새끼들아
160,2021-07-04 13:05:39,1,0,1,돌겟네 진짜 아니 작품이 성인이용가로 바뀌엇으면,아니 작품이 성인이용가로 바뀌는건 그렇다쳐요 그럴수있잖아요 그럴수있는데.... 그럼 그 전에 내가 결제해논건 어케하냐구요 보게해주던가 환줄해주던가ㅜ 하루아침에 날벼락도 아니고 이게 무슨일이에요 갑자기 보던 작품이 성인이되더니 보지말라니 이럴거면 성인으로 바꾸질말던가 보게해주든가 환불해주시든가ㅜㅜㅜ 사놓고 보지도못하고 이게뭐에요 이럴거면 내가 책으로 샀지 e북으로 안사고.... 처음부터 성인으로 해놓던가 희망고문이ㅇㅑ뭐야
161,2021-06-28 12:42:08,2,0,0,e북,웹에는 e북 코너가 있는데 어플에는 없는 이유가 뭔가요?
162,2021-06-28 04:25:05,5,0,1,오늘 갑자기 이용권 내역들이 안 보여요..,"이용권 내역들이 다 사라졌네요.. 
매일 10시 무료 이용권 내역만 없어진걸까요? 

그리고 중단하기 기능 해제도 있으면 좋겠습니다.. 
새벽에 비몽사몽간에 눌렀다가 중단이 되어버렸네요.. ㅠ"
163,2021-06-27 00:14:05,3,0,0,아이패드 스플릿뷰,"아이패드에서 화면분할이 안되네요.
지원해주세요."
164,2021-06-26 19:14:34,3,0,0,매일 밤 10시 무료이용권,"매일밤 10시 무료 이용권 잘못해서 중단을 눌렀는데 중단을 해체시키는게 안되더라고요....
실수로 누른거라 해체 시키려고 해봤지만 안되서 다른 계정으로 로그인 해서 봤네요.... 중단 해체할 수있는 버튼도 생겼으면 좋겠습니다"
165,2021-06-22 21:45:16,2,0,0,여기는 돈을 준다해도 지랄이네요,왜 카카오뱅크는 안되는건가요..^^ 결제되게 해주세요 얼른^^
166,2021-06-22 16:00:23,1,0,1,글씨 크기 왜이모양이야,아이폰 xr 싼거쓴다고 폰트6뭐야
167,2021-06-21 18:48:24,4,0,0,"좋은 뷰어, 부족한 브라우저","웹소설 즐겨보고 있습니다
소설 뷰어 자체로는 꽤 만족스럽습니다. 단지 회차가 많은 소설들에 대해서 구매한 것들의 이어보기같은 기능이 있었으면 좋겠다는 생각이 듭니다. 사실 회차마다 댓글을 매번 보지는 않고, 정주행 기능도 매번 표지와 끝의 도서 정보같은것을 봐야 해서 몰입이 완전히 되지 않습니다.

그 외에 것에 대해서는 약간 불만족스러운게 몇 가지 있는데, 소설의 별점순 정렬을 하기 위해서 정말 여러 곳을 거쳐 가야 합니다. 시리즈독점작, 오늘만 무료같은것은 대문짝만하게 있는데 정작 가장 기본적 기능인 별점순 정렬은 이렇게 숨겨놓는 이유를 모르겠네요.
그리고 앱을 켜자마자 나오는 이벤트가 너무 자주 보입니다. 마케팅상 이벤트를 아예 안 할 수는 없겠지만, 최소한 그런 이벤트 전부 안 보기같은 기능이 있었으면 좋겠습니다. 저는 보고싶은 소설을 정가주고 사서 방해없이 보고 싶어요"
168,2021-06-20 03:12:10,5,0,0,우오앙,너무너무 좋아요 진짜로ㅠㅠ 근데 저 15세 이상인데 계속 15세 이상만 이용할 수 있다며ㅠㅠㅠㅠㅠ아 정말로 보고싶 은데 너무너무 속상합니다.
169,2021-06-20 01:04:28,5,0,0,아이폰 시리즈 완전판,아이폰도 시리즈 완전판
170,2021-06-19 10:06:02,1,0,0,my 로 통해서 쿠키를 샀는데 왜 따로 i쿠키로 사야됩니까? 환불 해주세요,아이폰 쓰는 사람인데 쿠키를 충전 했는데 왜 i쿠키로 다시 사야되는거죠? 환불 해주세요 화가나네요 ㅡㅡ
171,2021-06-16 09:10:01,5,0,0,아니 시기가.....,"운영자님.....왜 마도전생기 전 회차 무료... .등등 왜 기말 고사 시즌에 하세요 ㅠㅠ 진짜 보고 싶은데 담주가 시험이라 보지도 못하고 리뷰만 남기네요... 진짜 잘 이용하는데 왜!!!!!!!!!!!!!중간,기말에만 이런 전 회차 무료를!!!!!! 인생....."
172,2021-06-16 00:28:38,5,0,0,로그인 안하고 들어가면 안돼나여??ㅠㅠㅠ,로그인 안하고 들어가게 해주세여ㅠㅠㅠ
173,2021-06-14 08:33:55,2,0,0,어플이 너무 많아요,네이버 시리즈 어플이랑 네이버 웹툰 어플 두 개를 합쳐서 하나의 어플로 만들면 좋을 것 같아요. 둘 다 쓰임새는 비슷한데 굳이 따로 만들어놓으니 여러 개를 깔아야 해서 번거롭네요
174,2021-06-14 07:23:44,3,0,0,이벤트 쿠키 만료 날짜와 시간,"이벤트로 받은 쿠키들의 만료 날짜와 시간을 일일이 찾아봐야 하는 시스템이 좀 별로인 거 같아요 카카오페이지처럼 유상 쿠키와 이벤트 쿠키, 만료 예정 쿠키의 날짜를 한눈에 볼 수 있게 해 주세요"
175,2021-06-14 03:42:25,3,0,0,아니 다른건 다 좋은데,"아니 다른건 다 좋은데 왜 중국웹툰은 왜 넣냐고요.
아니 중국웹툰은 맨날 첫화가 강제 키스구요. 내용도 개연성이 없어요. 이딴거 가져오지 좀 마요 제발.
근데 중국 웹툰 빼고는 다 좋으니까 3점줄게요."
176,2021-06-14 02:08:34,3,0,0,정말정말 잘 쓰고 있는데요,무료쿠키 이벤에중 어플을 깔거나 접속하는 이벤트들에서 계속 개인정보 추적제한을 풀라고 하는데 개인정보보호에서 추적기능을 켜놓아도 똑같은 말만 반복하네오. 고쳐주시면 감사하겠습니다!
177,2021-06-13 00:21:33,1,0,0,정신차립시다,삼계탕이 중국음식인거마냥 표현하는 작품들이 어떻게 버젓이 시리즈에 있냐고요?? 이해가 안되네요. 대한민국 대표 플랫폼이 어떻게 이런 작품을 돈을 받으면서 파는 유료 콘텐츠로 팔수가 있는건지?? 정신차리십쇼.
178,2021-06-12 00:56:05,1,0,0,최악,"완전 최악이에요 분명 소장으로 눌렀는데 대여가 되서 구매 취소하려고 해도 자동으로 다운로드받기 때문에 취소도 못하네요. 다운로드 받으면 환불도 안된다고 명시해놓고, ‘자동으로 다운받기’란은 왜 자동으로 체크된 채로 구매 유도하나요? 완전 양아치, 날강도 심보네요. 덕분에 만원만 날리고, 컨텐츠는 구경도 못하네요. 소비자 코묻은 돈 훔치려는 양아치 수법에 기겁해서 네이버 플러스로 받는 쿠키 제외하고는 더 이상 쿠키 구매할 일 없을 것 같네요."
179,2021-06-10 13:05:16,5,0,0,볼륨키 애플펜슬 지원,"볼륨키로 페이지 넘기는 게 안드로이드에서는 가능했던것 같은데 아이폰에서는 안되네요 혹시 제 것만 그런걸까요?.?
패드로 쓸 때도 펜슬로 페이지를 넘기는 기능이 되면 좋겠습니다 감사합니다"
180,2021-06-09 19:11:31,4,0,0,잘보고 있습니다,"아이패드 화면 분활 되게 해주세요
멀티가 안되서 불편합니다"
181,2021-06-08 02:05:19,2,0,0,제발 듣기 기능 좀 만들어주세요 ㅠㅠㅠㅠㅠ,"듣기 기능 요새 다 있는데 ㅠㅠㅠㅠ

이 기능땜에 같은 작품 다른 플랫폼에 있으면 그쪽으로 넘어갑니다 
시리즈 애용하고 싶어요..

소설 듣기 기능..
텍스트 읽기 기능.. 제발 만들어주세요 ㅠㅠㅠ"
182,2021-06-06 18:47:23,1,0,0,제 1200원 돌려주세요,웹툰 보다가 웹소설도 보고싶어 어플 다운 받자마자 왜? 1200원이 출금되나요? 그래서 쿠키 결제 되었나 웹툰 앱과 시리즈앱 다 봤는데도 어디에도 없네요. 환불해주세요
183,2021-06-04 07:21:06,4,0,0,삽화,시리즈에선 왜 소설 삽화가 안보이나요..
184,2021-06-02 19:53:34,5,0,0,만화책도 많고 좋아요,결제 많이 하면 보너스 쿠키 지급도 있었으면 해요  그것말고는 좋아요 ~~^^만화책 종류도 많고요
185,2021-06-01 02:52:16,4,0,0,다 좋은데요. 없는 책이 꽤 많습니다.,총몽이랑 마법천자문 읽어보려고 검색했는데 나오지 않네요. 그 외에 다른 고전 만화 책들도 없더군요. 근데 다른 e북 사이트로 가니까 나오네요. 웬만하면 한 곳만 이용하고 싶은데 있을 책이 없어서 다른 곳까지 뒤적여봐야 한다는 불편함이 있습니다. 차차 추가될 것 같지만...
186,2021-05-30 07:56:32,4,0,0,안녕하세요,볼륨키로 페이지 넘기기 아이폰은 안돼나요? 아님 업그레이드 돼서인가요? 제가 예전엔 그 기능을 좋아했는데 아이폰으로 폰을 바꿨는데 갑자기 사라져서 슬퍼요ㅠㅠ 만약 업그레이드 때문이라면 다시 만들어주시면 안돼나요?ㅠㅠㅠㅠ
187,2021-05-27 19:28:58,2,0,0,형광펜 기능 좀 넣어주세요,색깔별로 그리고 검은색 형광펜도 넣어주세요 공부한 내용의 기억을 돕기위해 필요한 기능이에요.
188,2021-05-26 19:35:06,4,0,0,화면분할(멀티태스킹) 기능좀...,"아이패드에서 네이버시리즈는 화면분할 기능이 안되는거 같은데
이것좀 해주시면 안됩니까?

타플랫폼은 되는데 시리즈도 해당 기능 사용 가능하면 좋겠습니다."
189,2021-05-26 10:21:54,1,0,0,자동입력 방지문자,찢어갈기고 싶네요
190,2021-05-25 04:28:37,4,0,0,아이패드용 글씨 크기,"아이패드용 글씨 크기 더 커지게 해주세요 
최대 6은 너무 작네요"
191,2021-05-20 04:37:27,5,0,0,웹소설의 늪으로 빠졋서역ㄱ!!,너무 좋습니다!!
192,2021-05-18 23:14:41,3,0,0,제발요ㅠ,네이버웹소설에서 처럼 대사앞에 캐릭터 일러스트 있는 거 설정에 넣어주시면 안될까요?? 읽다가 헷갈릴 때가 있어서요.
193,2021-05-18 01:00:07,1,0,0,별 한개도 아까움,"그냥 웹으로 보게하지 뭘 앱까지 깔라고 해놓고는
불편하게 쿠키도 가격이 다르게 만들어 놓고
게다가 
미리보기 한 화 이후부터는 무료 삽화가 업데이트 되어도 미리보기한 사람이 다시 봤을때 
삽화가 안보이네요? 
뭐 어쩌라는 말도 없고 
미리보기한 사람만 호구네요 
너무 불편하고 짜증나는게 한두가지가 아닌데
개선할 생각도 없는듯 그 어디에도 안내문자체도 없고"
194,2021-05-16 00:58:57,1,0,0,페이지 넘기는 방식 아래로 슬라이드하는 거 어디 갔어요?,"책 넘기기 방식 겁나 불편한데 이걸 왜 없애요
진짜 개빡치네"
195,2021-05-12 08:03:43,4,0,0,환불,아니 환불어케함? 소장으로 잘못눌롰는데그렇게 됌...알려주셈 어케 환불함 내3쿠키
196,2021-05-08 20:20:59,1,0,0,참 어이 없네요,"실수로 특정 작품에 대하여 별점을 낮게 주어서 수정하고 싶은데 한 번 별점을 매기면 그걸 바꿀 수 없다니요?
참 어처구니가 없습니다.
이래서야 시리즈를 이용하는 독자들이 과연 별점을 믿을 수 있을지가 의문입니다.

다시 한번, 별점 시스템 운영이 여러모로 어처구니 없
습니다."
197,2021-05-08 09:42:55,1,0,0,서버 연결,어제부터 서버통신 ㅈ같게 혼자 지랄발광이네
198,2021-05-08 04:45:50,3,0,0,소설 듣기 기능 추가해주세요,리디북스처럼 소설 듣기기능 추가 해주신다면 진짜 좋을듯
199,2021-05-07 00:38:13,5,0,0,시리즈앱,항상 댓글보고 소설 볼지말지 결정하는데 베스트 댓글 보고 결정할 수 있어서 너무 편해요
200,2021-05-06 01:23:15,2,0,0,사용자 글꼴 추가 꼭 만들어주세요,"소설볼때 사용자가 원하는 글꼴을 추가로 넣을수 있는 기능좀 만들어 주세요 ㅠㅠ

원하는 글자로 바꿔 읽어야 더 잘 읽히고 그점때문에 안읽히고 그래서요

사용자가 꼭 원하는 글꼴 추가할수 있는 기능
제발 만들어주세요 ㅠㅠ"
201,2021-05-05 23:32:51,5,0,0,네이버 시리즈도 월정액 생겼으면 하는 마음입니다,평소에 자주 사용하고 있는 사용자입니다. 넷플*스처럼 월정액이 생겼으면 하는 마음입니다.
202,2021-05-05 20:24:41,2,0,0,ios 시리즈 앱 글자크기,글자크기 1인데 크기가 너무 큽니다...
203,2021-05-04 22:05:49,1,0,0,네트워크,네트워크연결이안된더는데 어케함?? 짜증나요
204,2021-05-04 09:17:12,1,0,0,외국영화 자막 좀 제발..,"네이버시리즈 자막 좀 제발 잘해주세요ㅠ
원래 좋아하는 영화시리즈를 네이버시리즈로 정주행하고 있는데
오역이 너무 많아서 집중이 안됩니다..
신경 좀 써서 업로드해주세요 ㅠ
이제 여기서 구매는 안할듯"
205,2021-05-04 09:11:54,1,0,0,그지같네,즉시 주는 쿠키 이벤트 쿠키 왜 안줌? 조건은 다 만족 시켰는데 안 준게 한 두번이 아님;;역시 별 낮은덴 다 이유가 있다..;;
206,2021-05-03 18:26:51,1,0,0,#블챌,네이버 모든 앱에 저주를
207,2021-05-03 01:52:56,4,0,0,"아이패드-아이폰간 회차정보, 관심리스트 연동안되나요?","같은계정으로 아이폰에서 관심등록한거 패드에서 아무리찾아도안보이고
아이폰에서 보다가 큰화면으로 볼려고 패드로 이어보기 할려해도 안뜨네요
제가 직접 작품검색-회차를 누르면되긴하는데 홈화면에서 바로 연동되는기능은없나요?"
208,2021-05-01 22:12:45,5,0,0,이번 업데이트 너무 좋아요,"전독시처럼 댓글 많이 달리는 작품은 베댓을 볼수가 없었는데 이번 업데이트로 모아 볼 수 있어서 너무 좋아요 ❤️❤️
답글 기능도 유용하게 쓰일것 같아요!!
근데 댓글에 좋아요 누를수 있는게 10초?에 한번이라서 좀 불편한 것 같아요
좋아요 수 제한은 없어지거나 5초 정도로 좀 더 줄어들었으면 ㅜㅜ
좋은 업데이트 감사합니다!❤️❤️❤️"
209,2021-04-29 21:03:45,1,0,0,"웹으로 못보게 앱은 필수로 해놓고, 앱은 개불편하고 조잡함",잘좀하지
210,2021-04-28 03:32:53,1,0,0,비밀번호 변경후 로그인이 안되네요,비밀번호 변경하고 로그인하려고 하는데 계속 로그인화면만 다시나오네요. 사용을 하라는건지 말라는건지
211,2021-04-27 23:55:40,1,0,0,결제했는데 쿠키가 충전이 안되네요,결제했는데 쿠키가 충전이 안되네요.
212,2021-04-27 01:19:13,1,0,0,심보가 고약함,"안드로이드용쿠키랑 ios용쿠키랑 왜 나눠놓음?
심지어 가격도 ios가 더비싸네요 갤럭시에서 결제해놓고 아이폰으로 새로 개통했는데 쿠키 연동 되지도 않네요 밖에서 공기계들고 다닐노릇도 안되는데 무슨 거지같은 시스템입니까 볼라면 퇴근하고 집가서 안드로이드용 공기계로 봐야하는데 무슨 꼬라지인지 아무리 기업이 이익위주래도 이건 고객 등쳐먹는행위아닌가요?"
213,2021-04-22 08:11:24,5,0,0,리뷰들이 왜 이런진 모르겠는데,제공해주시는 컨텐츠 재밌게 잘 보고 있습니다.
214,2021-04-21 17:03:11,1,0,0,안드로이드랑 쿠키 결제금액 다름,"아이폰으로 넘어온 유저인데, 왜 같은 개수의 쿠키인데 안드에서는 1000원인데 아이폰에서는 1200원인가요? 불공평한갓같네요."
215,2021-04-21 10:44:43,5,0,0,왜이리 별점이 낮은건지..,저는 불편한거 모르고 잘 쓰고 있는데;
216,2021-04-20 09:32:55,4,0,0,완전판 plz,"앱 잘 쓰고 있습니다만 추가로 안드로이드 처럼 완전판 요청 드립니다. 여러 작품을 보고 싶은데 전연령만 서칭되니 뭐....나올 것도 안 나오는 그런 찝찝한 기분이 듭니다...나는 돈 쓰고 싶은데 공급이 없는..그런거. 개발자님들 보시면 꼭. ""시리즈완전판"" 부탁드리겠습니다. 이제 나올 때도 됐잖아요? 성인인데 볼 수 있는건 보면 좋지 않을까요? 의견 참고 부탁드리겠습니다."
217,2021-04-18 02:39:30,1,0,0,계속 반복되니 짜증나요,오랫동안 접속을 안하다 시리즈 접속하니 로그인을 하더라 하더군요. 그래서 로그인 했습니다. 아이디도 맞고 비밀번호도 맞아요. 그래서 자동입력방지 코드? 그걸 작성하라고 하더라구요. 그래서 작성했는데 그게 계속 반복되는거에요; 혹시나 싶어 23번까지 해봤는데 계속 반복되가지고 결국 지우고 다시 다운 받았습니다. ... 근데도 반복되더라구요.. 이것좀... 고쳐주세요... 사용을 못해요...
218,2021-04-17 08:02:15,1,0,0,할수록짜증남,저는로그인제가안해서아이디하고다모르고여인증번호도안옴
219,2021-04-15 19:55:59,5,0,0,시리즈 짱입니당ㅠ,"웹소설 잘 안보가다가 재혼황후로 입문했는데 진짜 신세계네요ㅠㅠㅠ뷰어 넘 깔끔쌈박하고 매번 기가 막힌 타이밍에 고양이가 나와서 선물조요ㅠㅠ😍 좋은 컨텐츠 좋은 서비스 정말정말 감사두립니다 저희 엄마두 입덕해서 내남편과 결혼해조 보시는건 안비밀 입니당🙈🙈
(리뷰 답변도 하나하나 다 달아주시네요ㅠㅠㅠ제꺼두 해주시나요...?)"
220,2021-04-15 09:16:55,4,0,0,잘 사용하고있음,처음엔 전지적독자시점 때문에 깔았는데 요즘은... 전독시만 보는 중... 리뷰를 잘 써보려고는 했는데 제가 워낙 한 작품만 파는 나머지...
221,2021-04-14 06:03:04,4,0,0,업데이트 뭐 더 해야하나요?,무료쿠키 구우려고 들어가서 참여하고 쿠키받기 눌렀는데 최신버전 앱으로 업데이트를 해야 참여가 가능하다고 떠요..! 앱스토어 업데이트 목록에 뜨는 앱들은 다 업데이트 하고도 안되길래 앱을 지웠다가 다시 깔았는데도 업데이트가 필요하다고 하네요..ㅠ 제가 뭘 안한 걸까요??
222,2021-04-13 08:04:43,1,0,0,두번결제 감사합니다❤️,다시는 웹소설 안 보려구요 돈 낭비 막아주셔서 감사해요😍😍
223,2021-04-12 06:28:29,5,0,0,전반적으로 만족해요,"보기 편하고 디자인 깔끔하고 아주 잘쓰고 있어용 
기본 폰트들도 가독성 좋고 다 괜찮아염
여긴 정주행 모드가 있네요 개꿀"
224,2021-04-09 08:34:23,1,0,0,아니 진짜,"왜 네이버에서 못 보고 앱 깔아야 함? 아니 진짜 쿠키 쓰는 것도 아니고 무료인1,2좀 보겠다는데 앱을 까라마라 하는건데?"
225,2021-04-08 22:15:57,5,0,0,시리즈 짱,잘 사용하고 있습니다. !!!!!!
226,2021-04-08 06:46:23,2,0,0,왜 신작에대한 업뎃이 이리도 더딘가요,원피스 단행본 나온게 3월인데 4월이 된 지금도 업뎃안덴건 뭐죠?? 이러면서도 유료결제라니....
227,2021-04-08 02:49:35,1,0,0,이북앱에 북마크도 없는거 실화인가요?,이북관련 여러 앱들을 이용해봤지만 네이버북스때는 있었던  책 북마크 기능이 시리즈 넘어와서는 아예 없어지더니 아직도 안되네요? 업데이트 되면서 제일 퇴화한게 시리즈앱인데 진짜 책 다 환불받고 싶네요. 네이버에 좋은 작품이 있어도 앱때문에 구매가 망설여질 정도에요.
228,2021-04-08 01:58:16,1,0,0,요일별로 나눠주세요,"네이버로 들어가면 안그러는데 앱으로 가면 요일별로는 나와있지도 않고 웹소설 전체보기 이런것도 없어서 상당히 불편합니다.
편하게 보려고 앱 다운받는건데... 보완이 됐으면 좋겠습니다."
229,2021-04-07 08:04:58,1,0,0,쿠키 먹튀 당함,"제가 네이버에서 시리즈 쳐서 쿠키를 샀는데요
그 쿠키를 썼는데 쿠키는 없어져있고 앱으로 전환되면서 결제가 필요하다면서 저 진짜 5000원 썻다고여 ㅠㅠㅠㅠㅠ 개빡치네요 진짜"
230,2021-04-03 22:24:47,5,0,1,몰라,몰라
231,2021-04-02 04:47:10,1,0,0,네이버북 산거모두 제발 환불해주세요,네이버북에서 많이샀는데 이렇게 자꾸앱바꾸고 없애는식으로 보는거막으려면  산거모두 제발 환불해주세요
232,2021-03-31 00:40:18,5,0,0,좋은데,"재밌는 소설두 많구 좋은데용 
소설 읽을때 문단 간격이나 너비 조절하는 기능도 만들어주세요 ㅎㅎ 그러면 더 편할거같아용"
233,2021-03-30 01:41:57,1,0,0,오류 ㅠㅠ,영화 다운 받았는데 계속 오류가 나고 끊기네요..
234,2021-03-27 10:16:15,3,0,0,쿠키,쿠키가 조금 더 쉽게 얻어졌으면 좋겠어요
235,2021-03-27 01:52:20,5,0,0,기기간 연동,보고 있는 컨텐츠들이 같은 아이디끼리 기기간에 연동이 안되어있어서 기기스왑하면서 보는것이 매우 불편합니다
236,2021-03-23 18:47:51,1,0,0,이해 안가는 기능이 있습니다,"관심 작품 등록하면 자동으로 알림설정이 되는데 왜 자꾸 알림 on 하라고 다시 팝업을 띄우는지 모르겠습니다;; 이럴거면 아예 처음부터 관심등록시 알림 off 시키면 되는거 아닙니까? 계속 신경쓰이네요
또 이북 단행본 구매시, 불편한 점이 많습니다
타사 앱애서는 책갈피 검색 등의 기능을 제공하고 tts까지 제공 중인데 타사보다 기술력은 더 좋아보이는 네이버가 앱에 투자를 안하는건지 지원하는 기능이 하나도 없네요. 그냥 책갈피랑 단행본 내 삽화 확대 기능이라도 넣어주시면 좋겠습니다. 폰이 작아서 크게 확대해서 보고싶은데 그런 기능조차도 없네요 ㅋㅋㅋ 책갈피는 왜 안되는건지!!!
안드로이드랑 아이폰 기기에서 단행본 볼때도 둘다 기본설정임에도 안드로이드는 목차 챕터 등이 가운데 정렬되어있는데 아이폰은 안되어있는 점 등 기기에 따라 다르지 않게 맞춰주시면 좋겠습니다"
237,2021-03-23 05:34:12,1,0,0,제발 이북좀...,아니 아이패드에서 이북을 못보는게 맞는겁니까.... 제발 이북 아이패드에서 볼 수 있게 좀 해주세요 게임 서버 프로그래밍이란 책인데 아니 보니깐 윈도우랑 안드로이드 지원이라고 작게 써있긴하던데ㅡios 지원못하는게 맞는겁니까
238,2021-03-23 05:15:40,1,0,0,"결제오류 ,빨리 처리해주세요.","시리즈 쿠키 결제하는 것들 중 ID 당 1회 제한구매로 쿠키 49개 + 보너스 쿠키 5개에 5,900원짜리를 구매했는데 계좌에서 10,000원이 빠져나갔어요. 4,100원 환불해주세요."
239,2021-03-22 07:00:40,1,0,0,배터리가 심각한 수준으로 많이 소모 됩니다.,배터리가 심각한 수준으로 많이 소모 됩니다.
240,2021-03-21 20:02:18,1,2,1,광고추적제한,"ios14.4.1버전에서 광고추적제한 해제 해도 무료쿠키 이벤트 계속 안된다고 나오는건 어떻게 해야되나요? 이전에 안내해 주신대로 
설정> 개인정보보호>추적>앱 추적 허용 ON
눌러도 똑같습니다. 앱을 여러번 지웠다가 다시 다운로드 받아도 여전히 똑같아요."
241,2021-03-21 18:19:35,3,0,0,시리즈온 발췌기능을 만들어주세요,시리즈온은 캡쳐 기능이 없더라고요 제발 옆동네 X리X스처럼 발췌기능을 만들어주세요....ㅠ
242,2021-03-21 04:25:41,2,0,0,아이패드 최적화,"아이패드 사용가능만 하면 뭐합니까 모바일 해상도 지원이라 아이패드(프로)에서 보면 웹툰이미지 다 깨집니다....
ios 웹에선 시리즈 지원도 안되서 사용도 못하고 모바일은 화면이 작아서 좀 크게 보고 싶으땐 pc 밖에 선택지가 없네요. 미리보기 자주 애용하는 사람이라 정말 이부분 아쉽습니다. 개선 좀 해주세요"
243,2021-03-21 03:04:06,1,0,0,포춘쿠키,친구가 매주포춘쿠키알림오면 쿠키받을수있다고해서 깔아봤는데 한번을 안주네 알림도 안뜨고 걍 바로지움
244,2021-03-19 17:50:51,1,0,1,결제내역,앱 다시 다운 받으니까 apple로 12000원 결제가 떴는데 무슨 12000원이죠?
245,2021-03-16 20:05:08,1,0,0,로그인 자체가 안되요,순간 제가 잘못했나 해서 10번 넘게 시도했는데 안되더라고요? 그래서 네이버엡에서 직접 해보니 제가 입력한 비밀번호는 맞고 ㅋ̊̈ㅋ̊̈... 시리즈 앱에서만 안되네요? 시리즈 웹으로 보기 귀찮아서 앱 깔았더니만;;;;
246,2021-03-16 19:11:41,1,0,0,모바일웹소설과 시리즈 무료전환 시간 차이,모바일 웹소설에서 30화까지 풀려있는 웹소설을 읽고 시리즈에서 31화 결제해서 읽으려고 들어가서 당연히 31화부터 유료겠지 하고 제일 처음 유료 에피소드를 구매했는데 30화더라고요 그래서 톡톡 고객센터에 환불 문의했더니 상담사는 동문서답에 아직 제대로 된 답변도 못 받았는데 상담 강제 종료까지 해버리네요(참고로 상담하는 동안 욕설 폭언 전혀없었습니다)여러분 미리보기 하지말고 그냥 웹소설 풀린것만 읽으세요 무료보기까지 유료결제 하게 만드는 쓰레기앱입니다
247,2021-03-14 11:48:12,3,0,0,왜 삽화가 안보이죠..;;,"새로 다운로드 해서 봐도 안보이고, 앱을 다시 깔아도 안보이네요. 네이버로 보면 잘만 보이는 삽화가 왜 앱에서만 안보이는 거죠?"
248,2021-03-14 01:46:35,5,0,0,오류 수정 부탁드립니다~,"안녕하세요. 시리즈 앱 정말 잘 이용하고 있습니다. 그런데 이번에 “워블” 이라는 소설을 읽기 시작했는데 여백이 너무 많아서 오류가 있나 하고 다시 다운로드를 받아봐도 똑같은 현상이 발생했습니다. 안드로이드 핸드폰에서도 똑같았고요. 혹시나 하고 카카오페이지에서 들어가보니 여백이 있는 부분이 일러스트가 있는 부분이었습니다. 일러스트가 제공되는 것이 가장 좋겠지만, 일러스트 제공이 안된다면 최소한 과도한 여백이라도 없애주시면 좋을 것 같습니다. 더 좋은 작품 많이 부탁드리겠습니다 !! 감사합니다."
249,2021-03-13 22:33:15,1,0,0,이거 받아라 저거 받아라,뭐 하려면 앱 하나씩은 받아야 하네요.
250,2021-03-13 05:23:41,5,0,0,실수로 취소눌렀는데 어떻게하나요?,그 50화 보면 포춘쿠키 준다던 이벤트했는데 실수로 다보고 팝업창 위에있는 X를 클릭했는데 어떻게 다시 얻나요?
251,2021-03-12 20:13:55,5,0,0,쿠키 환불 받았는데,쿠키 환불 받았는데 아직 쿠키는 그대로 있어요!! 가져가세요!
252,2021-03-12 20:12:15,1,0,0,혜택이 적음,"카페보다 혜택이 적어서 
사용할때마다 손해보는 느낌"
253,2021-03-11 21:51:56,4,0,0,다른 뷰어들처럼 아이패드에서 팝업창? 형태로 킬 수 있게 해주세요,ㅋㅋㅍ 어플 ㅁㅍㅇ 어플들은 전부 창 두 개 띄워서 보거나 팝업처럼 띄우는 거 가능한데 시리즈만 안 되네요 불편해요 ㅠㅠ
254,2021-03-10 23:04:06,2,0,0,제발 서가좀 만들어 주쇼,"아니 제발 작가별,작품별 서가 좀 만들어주소"
255,2021-03-10 22:44:58,5,0,0,tts기능 추가,"노블에서 tts 추가 해주세요.
제발 제발 제발"
256,2021-03-08 08:34:16,1,0,0,로그인이 안되는데요?,"로그인이 안돼서 웹소설 구매를 했음에도 볼수가 없어요
 내 쿠키 어쩔까요...? 
나도 웹소설 보고싶은디"
257,2021-03-07 04:45:49,4,0,0,쿠키,무료 쿠키를 얻을 수 있는데 조금 쉬워졌으면 좋겠어요 나머지는 다 만족합니다
258,2021-03-07 02:30:03,1,0,0,쿠키 만료기간,시리즈 이벤트로 계속 쿠키를 모으고 있었는데요 예전에는 쿠키 만료기간이 다가오면 이용기간 만료 일자가 다가온다고 알려주셔서 사용할 수 있었는데 언제부턴가 알려주시지 않아서 30개 이상 손실이 발생하는 경우가 있었습니다. 광고성 알림도 다 허용하고 했는데 소설이나 웹툰 관련 알림은 잘만 오더니 왜 이런 중요한 알림은 안 오도록 해 놓은 건지 이해가 되질 않네요. 그리고 쿠키 이벤트도 30개에서 5개로 확 줄어들고 많은 사람들이 이용할 수 있게끔 조정 부탁드립니다.
259,2021-03-06 22:03:01,1,0,0,별 하나도 아까워요,마켓컬리 쿠키 받으려고 첫 구매 했는데 쿠키 안 들어왔어요. 빨리 넣어주세요. ^^; 돈 날아갔네
260,2021-03-06 15:59:41,1,0,0,쿠키 가격차이 심하네요,i쿠키랑 안드로이드에서 산 쿠키의 가격차이가 너무하네요 심지어 안드로이드는 50개에 5000천원 i쿠키는 49개에 5900원 애국 정신 너무 좋습니다
261,2021-03-05 22:37:21,1,0,0,제정신으로 하는 광고입니까,결혼한 사람을 데려와 다른 사람이랑 하룻밤 잤다고 하고 남자가 화내면서 소리지르고 니들 눈엔 이게 재밌냐? 안그래도 이런 말도 안되는 폭력성 짙은 장면이 시도때도 없이 나와서 국내 영화 드라마 안 본지 오래됐는데 시리즈도 접게 생겼네ㅋ
262,2021-03-05 11:45:35,1,0,0,아이패드로 쿠키 구울때마다 사라짐,"아니 아이패드로 무료 쿠키 구울려고 구독 다 하고 스샷도 제대로 올리거나 아님 사전예약, 앱 다운 다했는데 하고 다시 시리즈 앱으로 오면 첨부터 들어와져서 걍 다 날라간게 몇개인지.. 짜증 확 나네요"
263,2021-03-02 20:49:27,5,0,0,😚🥲,진짜 좋은데 쿠키결제가 안 돼네요ㅜㅜ
264,2021-03-02 16:26:20,1,0,0,다 좋은데 아이폰 가로 모드 지원,아이패드 안드로이드 폰은 된다고 알고 있는데 아이폰도 지원해주시면 안되는 건가요?
265,2021-03-02 07:45:31,3,0,0,소설이랑 웹툰/웹소설 분리 해주세요 ㅠㅠ,"저는 일반 종이책을 ebook 타입으로 보느라 어쩔 수 없이 앱을 다운 받아서 쓰고 있는데 앱은 주로 웹툰이나 웹소설 위주로 추천이라던지 페이지가 있어서 정말 책을 읽고 싶은 사람에게는 너무나 편향된 인터페이스입니다. 거기다가 광고나 웹소설 추천 제목은 다 야하고 자극적인거.... ;;;; 

ebook 섹션을 정확히 만들어 추천이나 인기도서 섹션을 구축해주시던지 (굳이 웹소설로 갈 필요 없게끔) 오디오클립에 차파리 편입시켜주시는 편이 구독자 타겟을 더 잘 나누는 방법일 듯 합니다"
266,2021-03-02 04:12:23,2,0,0,건의,네이버에서 보는것처럼 대사앞에 일러그림 넣어주세요
267,2021-02-28 05:41:05,4,0,0,쿠키받는걸 했는데,"쿠키받는걸 했는데 쿠키지급이 안돼네요,,"
268,2021-02-27 23:25:09,1,0,0,책갈피,ㅠㅠㅠ무슨 소설보라고 만든 앱에 책갈피나 메모기능하나 없을수있어요..
269,2021-02-27 02:02:45,2,0,0,제발 내 댓글 찾기ㅠㅠㅠㅠㅠㅠㅠㅠㅠㅠㅠㅠㅠㅠㅠㅠㅠㅠㅠㅠㅠㅠㅠㅠㅠㅠㅠㅠㅠㅠㅠㅠㅠㅠㅠㅠㅠㅠㅠㅠㅠㅠㅠㅠㅠㅠㅠㅠㅠㅠㅠㅠㅠㅠㅠㅠㅠㅠㅠㅠㅠㅠㅠㅠㅠㅠㅠㅠㅠㅠㅠㅠㅠㅠㅠㅠㅠㅠㅠㅠㅠㅠㅠ,제발제발제발 내 댓글 한눈에 보기 기능 만들어주세요ㅠㅠㅠㅠㅠㅠㅠㅠ 제 댓글 좋아요가 몇 개인지 사람들 반응은 어떤지 궁금한데 이 기능이 없으니까 찾기도 힘들어요
270,2021-02-25 05:11:59,5,0,0,오류 ?,"안녕하세요 네이버 시리즈 재밌게 하고 있는 유저입니다 무료 쿠키에서 사전 예약, 퀴즈 맞히기등 다양한 이벤트가 올라와서 너무 좋습니다. 그런데 이벤트를 참여한 후 쿠키가 지급 안될때가 너무 많습니다 ..."
271,2021-02-24 21:00:32,4,0,0,쿠키런,쿠키런 킹덤?플레이하면 쿠키 2 개 준다길래 했는데 5 분이 지나도 쿠키 가 지급이 안 되네요ㅠㅠ
272,2021-02-23 22:50:03,1,0,0,키보드키로 페이지 좀 넘기게 해주세요,"가장 기본적인 기능인데 시리즈 앱에만 없네요

이런 것 좀 빨리 개선해주세요"
273,2021-02-23 17:28:25,4,0,0,일러스트(삽화) 끄는 기능추가 부탁드려요,글 읽다가 몰입안되는 일러가 삽입된 소설들이 너무 많고 솔직히 너무 유치한 일러도 많아서 보다가 누가 볼까봐 쪽팔려요...... 꼭 부탁드립니다
274,2021-02-23 04:17:43,3,0,0,불편사항,휴대폰 인터넷으로 들어간 시리즈 에서 시리즈 앱으로 이동하는 과정할때 바로 이동이 아니라 애플 스토어 시리즈앱화면으로 이동하는데 불편합니다
275,2021-02-23 00:57:37,1,0,0,꼭 로그인해야하나요?,ㅇㄴ 아이디 다 잊어버렸는데 꼭 로그인이 필요하나요 그냥 로그인 안하고 할 순 없어요?
276,2021-02-22 16:36:24,3,0,0,조아요~,"웹툰이랑 소설 같이 볼 수 있어서 좋구 디자인도 깔끔해서 보기 좋아요!
아쉬운 점은 네이버 웹툰처럼 캡쳐할 수 있는 기능 달아주셨으면 좋겠어요ㅠㅠㅠ"
277,2021-02-19 19:42:59,5,0,0,좋아요,"다 괜찮고 좋아요 
밝기 글씨체 글씨크기 조절도 되고 전체적으로 보면 매우 좋아요
핸드폰으로 볼 때는 단점이 거의 없다시피 하고요

딱 한 가지 단점은 아이패드 사용자에겐 페이지 넘기는게 어려워요
아이패드에 연동된 키보드로는 넘김이 안 돼요 스크롤모드로만 키보드가 연동돼요
그리고 정주행일때 그 다음 편으로 자동으로 넘겨지지 않고 
스크린 터치를 반드시 해야 돼요 
편하게 읽고 싶어서 정주행을 켜는건데 무조건 터치를 해야 되니 조금 어렵네요 키보드만으로 읽고 싶은데 혹시 안 될까요 ㅠ"
278,2021-02-19 07:07:44,5,0,0,시리즈앱 정말 잘 쓰고있지만,시리즈앱 정말 잘 쓰고있지만 제발 베스트 댓글 기능 좀 만들어 주세요ㅠㅠ 그리고 소설 한 페이지가 화면을 다 채우지 않았으면 좋겠어요 위아래로 빈공간이 있는게 더 보기 편해요
279,2021-02-18 17:04:35,2,0,0,"소설 뷰어가 8, 9년 전 초기 이북 수준으로 너무 안습 ㅠㅠ.....","아이패드로 사용중인데 소설 뷰어가 너무 별로예요.
타사 이북뷰어들처럼 글씨크기 더 작게 조정하고 화면에 꽉차게는 안 되나요 ㅠㅠ
글씨크기 1로 해도 너무 큰 데다가 가장자리 여백이 너무 넓어서 한 페이지에 담기는 내용이 너무 적어요.
가독성도 떨어지고, 조금 읽고 넘기고 조금 읽고 넘기고를 반복하니 답답해서 내용에 집중이 안되네요.
그리고 문단 간격 조절도 안되는게 아쉬워요. 
어플 개발하실때 타사 이북뷰어들 좀 참고해보시지 그러셨어요 ㅠㅠ.... 
커뮤니티에서는 어플이 이러니 저 뿐만아니라 다른 분들도 아무리 독점작품이라도 네이버에서 구입안하고 타 플랫폼에 풀릴때까지 기다렸다가 산다는 분위기가 팽배한데 개발자 분들은 알고 계시는지.... 참 안타깝네요..."
280,2021-02-18 07:00:04,3,0,0,이벤트 오류가 났어요,무료 10화를 보면 포춘쿠키 주는 이벤트를 했는데 10화를 봤는데도 쿠키를 안주내요 알림내역 봤는데도 없고요 주의사항 중에서 어린것도 없는데 왜이런지 모르겠어요
281,2021-02-18 05:43:11,3,0,0,화면넘김 말고 스크롤 기능,"삭제했다가 깔았는데 삭제하기 전에는 위아래로 스크롤 기능이 지원이 됐었는데 다시 까니 좌우로 넘기는거 밖에 안되네요... 한 평생 스크롤만 사용해서 너무 불편합니다,,, 굳이 스크롤 기능을 없애신 이유가 참으로 궁금하네요 다시 돌려주세요,,,,,,"
282,2021-02-17 05:15:17,3,0,0,15세 이상인데 이용할 수가 없다고 뜨나요,계정 나이정보도 15세 이상으로 돼있는데 왜 막히나요?
283,2021-02-16 23:33:17,1,0,0,시리즈 웹툰 음악,"이 어플은 웹툰 배경음악 안나오나유?
이거땜에 다른 어플 깔아서 봤네유"
284,2021-02-16 22:54:20,1,0,0,"E북 샀어요,,근데 어플에 안 나오네요","E북으로 책 사고 시리즈로 보라고 해서 어플 다운 받았어요,, 근데 네이버에서 구매한 e북이 안 보이는데ㅠㅠ 어떻게 하는거죠?ㅠㅠㅠ"
285,2021-02-16 17:31:57,1,0,0,이용 기간이 만료된 콘텐츠입니다,"애써 쿠키 구워서 웹툰 볼라는데
이용기간이 만료된 콘텐츠라고 뜹니다
시리즈앱 다시 설치해보고
기기 재부팅도 해봣는데 안됩니다"
286,2021-02-16 02:31:27,4,0,0,쿠키 광고 좀 넣어주세요,좋은 작들도 많아서 좋지만 쿠키 무료로 주는 광고 좀 넣어주세요ㅠㅠ 웹툰도 나이가 되는  미성년자도 볼거고 쿠키 이벤트도 좋지만 학생들은 그렇게 큰 돈을 써서 쿠키를 구울 수가 없단망이에요ㅠㅠ 광고 하나당 쿠키 2개 아니면 1개 이렇게 해주세요ㅠㅠ
287,2021-02-15 18:00:45,5,0,0,편리하고 빠르고,웹소설 보기에는 시리즈가 최고인 것 같아요
288,2021-02-15 16:51:55,5,0,0,만족,오류도 없고 불편한건 있지만 크진 않고 특히 재밌어요
289,2021-02-15 05:27:43,5,0,0,앱퀄 좋아졌네요,네이버 열일하시는군요!
290,2021-02-13 21:51:51,2,0,0,영화,"돈주고 보는데 끊김이 너무 심해서 제대로 못봅니다.
핸드폰은 아이폰11에 lte라서 기기적 문제는 아닌거 같구요. 개선 좀 해주시길 부탁드립니다."
291,2021-02-13 11:13:24,2,0,0,쿠키 충전 불가,새벽 네시에 쿠키충전 하려는데 사용자가 많다고 다시시도하라는 팝업이 계속뜹니다. 새벽 네시에 쿠키충전하려는 사용자가 많아서 다시 시도하라구요.....??ㅠㅠ 뭐 대학교 수강신청하는 날만큼 많은가 이해가안되네요
292,2021-02-13 09:28:29,3,0,0,첫 실행시 네이버 어플이 있는데도 자동로그인이 안되다니...,"네이버 어플이 있는데도 불구하고
처음 실행시 아이디랑 비번을 입력해야하네요..ㅋㅋㅋㅋㅋ간단한거지만 굉장히 불편했어요"
293,2021-02-13 04:36:46,2,0,0,아이폰쓰는데,"왜 쿠키충전이 ios로 되나요? 쿠키1개당 120원? 
원래 이런줄 알고 걍 무더기로 충전해서 썼는데, 하....
네이버시리즈 사파리로 들어가서 충전하기 보니까 
거긴 또 또 쿠키1개당 100원이네요? 지금 장난하시나요? 
설정 변경 싑게쉽게 안되나요? 
아무리 찾아봐도 안나오네요? 
이렇게 ios전용으로 빼놓을거면 뭐 하러 어플을 만든거죠? 나 엿먹이려고? 똑같은 충전 했는데 벌써 구천원어치가 그냥 날아갔네요? 제대로 못 본 제탓도 있겠지만 밑에다가 크게 써놓지 그랬어요 
아이폰은 쿠키1개당 120원 나머지는 쿠키1개당 100원입니다^^ 하고 크게요 누구나 다 알 수 있게."
294,2021-02-12 08:17:46,1,0,0,진짜 약았네요,시리즈앱 처음 출시되었을때부터 썼는데 무료쿠키도 서서히 줄이고 선물이용권 유효기간도 처음엔 오년이었는데 이제는 줄이다 못해 3일짜리도 있네요 무료쿠키도 첨엔 10화보면 다섯개 그다음에는 포춘쿠키로 10개 5개 2개 하더니 이제는 최대 5개라고 하고 2개만 주고 있네요 유료보고 쿠키주는것도 처음에는 20화보면 10개 30화보면 10개 50화보면 10개 하다가 10화보면 5개 이런식으로 줄이더니 이제는20화보면 2개주네요 독자들 상대로 장난질 치는게 훤히 보여서 정말 기분 나쁘네요 처음 출시되었을데 정말 잘썼는데 이제는 화나서 들어가 보기도 싫네요 이만 카카오페이지로 넘어 갈아탑니다 계속이런식으로 하면 오랫동안 꾸준히 써왔던 저같은 사용자들 다 떠날것같네요
295,2021-02-11 21:36:15,1,0,0,명색이 네이버 시리즈인데,뭐 하는 기능들이 없음..? 옆동네 리디북스 좀 보고 본받으면 좋겠음.. 소설보는 앱에서 책갈피 기능 하나 없는게 말인가 ?? ㄹㅇ 불편해서 소설 읽던거 끝나면 다신 네이버 시리즈 안 올거임.. 차라리 리디 계속 지르지
296,2021-02-11 03:34:56,1,0,0,편집자 코멘트가 그대로 들어가 있어요,삼국지 마행처우역거를 읽고 있는데 문장 뒤에 @//(코멘트) 이렇게 들어가 있는데 진짜 화납니다. 돈 내고 읽는 건데 제대로 확인하고 올려주세요.
297,2021-02-09 19:46:51,1,0,0,작품이 안늘러짐,갤럭시로 보다가 답답해서 패드로볼라고 햇더니 작픔이아예안눌러지는건 천복 뭥미그자체ㅜ
298,2021-02-08 22:06:02,4,0,0,아이폰 무료쿠키,무료쿠키 중에서 앱설치하는 무료쿠키는 시리즈가 광고추적제한 해제 후에 하라고 알림이 뜨는데 알아 보니까 ios14는 보안문제 때문에 광고추적 해제가 안된다고 하더라구요..이점 고쳐주시길 바랍니단ㅠㅠㅡㅠ
299,2021-02-07 17:40:14,3,0,0,신작 목록 캘린더가 있으면 좋겠어요.,신작이 올라와도 잘 모르는 경우가 많아요. 신작을 한눈에 볼수 있게 해주세요
300,2021-02-07 08:07:45,5,0,0,요즘 이벤트로 주는 쿠키가 적어진거 같아요,"앱 접속하면 바로 보이는 배너에 
쿠키나 각종 이벤트가 있잖아요
옛날에는 쿠키 5개씩 주고, 포춘쿠키도 많이 줬는데
요즘은 추첨 이벤트랑 광고밖에 없네요
많이 주다가 안주니까 섭섭한거 있죠ㅜㅜ
확정적으로 주는 이벤트가 많아 졌으면 좋겠어요😀"
301,2021-02-05 18:50:38,3,0,0,E북 보는거 따로 만들어주시면 좋겠습니다.,"다른 웹툰이나 웹소설 관심없는데 네이버에서 산 e북 다운로드 받은거 보려니 홈>광고창 닫기>보관함>다운로드>이북 클릭까지 너무 오래 걸립니다.
따로 볼 수 있는 어플 쉽지 않겠지만 분리해주면 좋겠습니다."
302,2021-02-05 03:56:52,3,0,0,???,자동 스크롤 기능이 없나요?? 제가 못찾는건가요??
303,2021-02-03 23:16:53,1,0,0,ㅈㅔ발 방법 좀 알려주세용,쿠키 오븐에서 앱 다운로드하면 쿠키 준대서 앱 다운로드 했는데 쿠키가 안 들어와요ㅠㅠ 쿠키받기 누르고 다운받고 들어왔나 확인 받으러 갔는데 렉 걸리더니 쿠키가 안 들어와요 자주 이래요 따로 오류(?) 없애는 방법이 있나요?
304,2021-02-02 20:53:49,4,0,0,무료 쿠키좀 개선해주세요..,앱 깔거나 회원가입하면 무료 쿠키 주는 이벤트 같은걸 하면 적립이 안될때가 너무 많아요! 고생 해서 다 했는데 적립 안되면 너무 싫습니다.. 😡
305,2021-02-01 18:38:26,1,0,0,아니 근데,웹툰을 여기에 있는거 에서 많이 가져와서 시리즈를 깔았는데 네이버로 로그인 했는데 아예 로그인이 안되네요 시작도 못하고 리뷰를 작성하는것은 처음이네요
306,2021-02-01 06:37:29,5,0,0,베댓 보여주세요ㅠㅠ,네이버 앱으로 불편하게 보다가 어플 깔았는데 댓글이 최신순이라 베댓보는 즐거움이 없네요.. 다른 이용자 리뷰 보니까 한참 전에 이 건에 대해 검토해본다 하셨는데 결과가 좋지 않았나 봐요 아님 피드백을 잘 안 받는 건가...
307,2021-02-01 04:51:56,3,0,0,안드로이드랑 쿠키가겨이 달라 놀랐네요,아마 앱스토어 수수료 때문인거 같은데 그냥 쿠키를 카드로 직접거래하거나 안드로이드처럼 네이버 초인트 쓰게 하면 안되나요???? 그리고 쿠키제 고잡하지말고 쿠키랑 현금결제방식 병행했으면 좋겠어요 한화한화볼때마다 결제하는게 귀찮은 사람이 있는 한편 백개단위로 사기 싫은 사람도 있어요
308,2021-01-30 13:49:56,3,0,0,웰컴 선물과 쿠키 결제 관련,"이번에 네이버 시리즈 다운 받고 웰컴 선물이 있다길래 받으려니까 로그인을 하겠습니까? 라는 창에 확인을 눌렀더니 하얀 창이 계속 뜨네요. 웰컴 선물이 하얀 창입니까? 심지어 로그인도 되어 있는 상태구요. 기분 좋게 작품 보러 왔다가 이게 뭔지.
쿠키를 결제 하려는데 아침 7시에도 불구하고 구매 대기자가 많다며 하얀 창이 뜨네요. 작품 감상을 어떻게 하란 말이죠??"
309,2021-01-29 17:27:58,5,0,0,오류 좀 어떻게 해 주세요,제가 계정이 여러개인데 원래 여려 개면 저장 되 있어서 편하게 로그인 아웃 할 수 있었는데 요즘은 하나하나 해야되니까 ㄹㅇ 불편해요 일부러 그러시는건지 뭔지 모르겠지만 ㅃㄹㅃㄹㅃㄹㅃㄹ 고쳐줘요
310,2021-01-28 07:09:10,5,0,0,지금 받을수 있는 쿠키가 뭔가요?,제가 재미있게 보고있는데 지금 받을수 있는 쿠키 아는게 뜨던데 이거 뭔가요? 정말 궁굼해 미치겠네요 ㅠㅠ 제발 알려주세요 ㅠ
311,2021-01-28 04:45:03,1,0,0,환불 받거나 볼 수 없을까요?,"제가 보고싶은 만화가 15세 이상인데 저 15세거든요,, 그래서 쿠키 30개 미리 사서 만화에 들어갔는데 갑자기 못 본다고 하네요, 쿠키 3개는 써진 상태고요,, 어떻게 환불 못 하나요, 아님 볼 방법이 없나요?"
312,2021-01-27 20:11:37,1,0,0,이벤트,PD의 픽이라고 여러작품 보여주는데 보는 눈이 그렇게 없을까 싶음
313,2021-01-27 17:17:46,1,0,0,매열무 포춘쿠키 이벤트,20개 다 열람했는데 포춘쿠키 알림이 안 뜨네요 암만 기다려도 안 떠요 저번에도 이래서 그땐 그냥 넘어갔는데 이번에는 못넘어갈 거 같네요 기간도 3일이나 남은 이벤트인데 ㅋㅋ
314,2021-01-26 06:26:38,5,0,0,나이제한,혹시 나이가15세부터 가능한 것이 있는데 만 나이로 하는 건가요? 제가 이제 15세 올라가서 볼려고 하는데 안되서요
315,2021-01-25 20:02:43,1,0,0,최근 업데이트에서 계정 멀티 로그인 기능 삭제,"최근 업데이트에서 계정 멀티 로그인 기능이 왜 삭제되었나요?  
한 기기에서 여러명이 사용할 때 잘 사용하던 기능인데, 이제는 번거롭게 매번 로그인을 해야 합니다.
다음 업데이트에서 복구해 줄 것을 강력히 요청하는 바입니다."
316,2021-01-25 17:09:00,2,0,0,간편로그인,간편 로그인이 다음날 되면 사라져 있어서 불편하네요
317,2021-01-25 03:38:12,5,0,0,진짜 정말 다 좋은데,정말 다 좋은데 네이버에서 들어가 보는거처럼 인물이 말 할때 앞에 이미지 넣어주심 안되나욥 ㅠㅠ 일러스트에 나오지 않는 인물들이 나올때가 있는데 시리즈 앱으로 보면 그 인물들은 아예 얼굴을 모르게 되는거라ㅠㅠ 이거 하나만 바꿔주세요 제발요 ㅠㅠ
318,2021-01-24 23:08:15,3,0,0,판매중지된 작품,"판매중지된 작품 무료보기가 안되서 불편하다고 리뷰를 달았는데
구매가 가능하다고 답변을 받아서 시도를 해봣습니다만 서비스중인 컨테츠만 결제가 가능하다고만 합니다 자세하게 설명부탁드릴게요
참고로 제가 구매한책은 위쳐 이성의 목소리 운명의검이고 1권제외 전권 구매했습니다 그런데 1권을 못보니 뒷내용에 집중을 못하겠습니다 다시 구매해서라도 보고 싶은데 자세하게 설명좀 해주세요"
319,2021-01-24 07:44:20,1,0,0,아 진짜 치사빤스... 구형아이패드 강제업데이트 팝업 좀 중지해줘요.,"타사 왠만한 플랫폼 e북뷰어로 잘만 보고 있는데 이 놈의 네이버만 강제업데이트 알림으로 기존에 구매한거 열람조차 불가...
알림 떠서 눈물 머금고 이용 못 하다가 중간에 팝업 중지돼서 잘 이용했더니 또다시 강제업데이트 연결하라고.
버전업 지원 안 되는 구형유저들은 네이버 때문에 아이패드 다시 사란거냐. 패드는 IOS로 보고싶은데 어디 하소연이라도 하고싶소.
구매한거 다 돌려주던가..................."
320,2021-01-23 10:59:47,1,0,0,네이버 로그인할때 키보드가 한글 밖에 안 나와요,천지인 쓰는데 기본 한글 키보드 나오고 언어바꾸는 지구본 아이콘도 안 나와요 그래서 로그인 못 해요
321,2021-01-23 08:56:18,5,0,0,잘 쓰고 있는데,다만 선물 이용권 한 번에 받는 버튼이 있었으면 좋겠어요 하나 하나 받으려니까 너무 귀찮아요 ㅠ 그 외엔 좋습니다 시리즈 짱
322,2021-01-22 23:59:16,2,0,0,하하,어제까지만해도 회차 결재 해 보던 15세 이상 이용 소설을 봤었는데요 오늘 갑자기 15세 이상만 이용 가능하다고 뜨고 들어갈 수가 없네요?
323,2021-01-22 19:00:53,2,0,0,쿠키오ㅑ 안줌,아니 쿠키런깔면 주는데 왜 안줘요 설치한적이 한번도 없는데 10분이지나도 안주네요
324,2021-01-22 15:40:46,5,0,0,아니... 재가 못하는 건가요 아니면 기능이 없는건가요...?,"우선 좋은 앱을 만들고자 노력해주시는 개발자, 담장자분들께 감사의 인사 올립니다.
저는 현재 아이패드로 이용중인 소비자 입니다.
아이패드 os는 ipad os 14.3 최신버전 이용중입니다.
앱은 전반적으로 정상 작동되는 듯하나 뷰어모드(작품을 읽는 화면)에서 뒤로가기 기능이 존재 하지 않습니다. 화면 좌우 상단 여백을 아무리 터치, 스와이프 해도 나타나질 않고, 페이지만 넘어갈 뿐입니다.
기능이 있는데 제가 사용을 못하는 건지, 기능자체가 없는 것인지 알려주시면 감사하겠습니다.
만일 기능이 있는데 사용을 못하는 거라면 사용법도 설명 부탁드립니다.
끝으로, 앱 발전에 힘써주시는 개발자, 담당자님께 감사를 올립니다

+) 제가 사용을 못하는 거였네요... 근데 가운데 터치 영역이 조금 작습니다.. 아무튼 감사합니다!"
325,2021-01-22 04:59:06,3,0,0,좋아용,다 좋은데 웹소설을 볼때 네이버처럼 인물 일러스트가 있지 않아서 누가 말하는지 잘 모르겠어요...제발 인물 일러스트를 넣어 읽기 쉽게 만들어주세요. 그리고 댓글이 최신순/인기순 으로 나눠지면 좋을 것 같아요.시리즈 앱 리뷰에 이런 의견 있던데 진짜 제 생각이랑 똑같아서 잘 읽어보시고 추가해주시면 너무너무너무너무너무너무 좋을것같아요 인물 일러스트는 꼭 넣어주시면 좋겠어요..!!!
326,2021-01-22 03:45:14,5,0,0,"콘텐츠도 많고, 앱도 이정도면 괜찮다고 생각해요","1. 2021년 기준으로 무료쿠키 증정하던 많은 이벤트들이  엄청 ... 바뀌어서 이제는 사실 이벤트를 기점으로 다른 소설을 클릭해 보는게 줄었습니다. 기존에는 이벤트를 통해 많은 작가님들의 다양한 소설을 읽고 빠져들어 쭉 읽곤 했는데 이제는 관심있는 작가 소설만 쿠키 아껴가며 읽게되네요. 아얘 프로모션 창을 들어가보지도 않게됩니다. 굳이 유료20화를 봐서 쿠키 2개 받느니 관심 안가는 삽화/제목/작가이름에 무료분 한편이라도 시간을 안 쏟게 되었습니다.

2. 다른분들처럼 간편로그인 기능에 문제가 있는지 다른 아이디로 접속을 할때마다 아이디 비번 하나하나 치고 들어오는게 생각보다 참 귀찮고 불편합니다."
327,2021-01-21 07:06:57,3,0,0,매일 밤 10시 지급 이용권,매일 밤 10시에 지급 된다고 하는데 왜 없나요ㅠㅠ
328,2021-01-20 22:32:32,4,0,0,오류 고쳐주세요,"제가 네이버 아이디가 여러개라서 등록하고
돌려섰는데 그 기능이 없어져서 그런데
이거 오류라면 고쳐주세요"
329,2021-01-20 18:48:44,3,0,0,이 앱의 좋은 점,영구소장이 가능하다
330,2021-01-19 09:18:15,3,0,0,쿠키 적립,티몬 광고 신규 회원가입 까지 다 했는데 쿠키 6개 지급이 안돼요.
331,2021-01-19 03:33:40,3,0,0,Pc와 연동..,"Pc에는 책갈피가 있는데 모바일로 옮겨서 볼때는 책갈피가 없어서 불편합니다..

연동되는 기능이 있긴 하지만 사실상 연동도 안되서 기기를 옮겨볼때 다시 찾아야 하는 번거로움이 있내요 .."
332,2021-01-19 01:52:43,2,0,0,댓글창 정리 해주세요,"네이버 웹툰 앱처럼 댓글창을 최신순, 베스트순으로 정리해주시면 스포하는 댓글도 잘 보이지 않을 것 같아요. 댓글창이 이렇게 엉망일줄은 몰랐네요;"
333,2021-01-18 19:45:02,4,0,0,사용하면서 불편한 점이 있습니다,"네이버 웹소설을 즐겨보는 사람으로서 작품 완결 후 소장/정주행 용도로 시리즈에서 결제하는 사람입니다. 네웹 특성상 작가분들이 대사 옆 인물 일러스트를 넣는 것까지 고려해서 문단을 띄우고 대사를 작성하시는데, 시리즈 앱에서는 인물 일러스트를 다 빼고 문단이나 각 캐릭터의 대사와 대사 사이를 안띄기 때문에 가독성이 떨어지고 누가 무슨말을 하는지 이해하기 쉽지 않습니다. 이미 읽었던 웹소설인데도요. 인물 일러스트를 원작 그대로 다시 살리는 방식으로 제발 개선되었으면 좋겠습니다."
334,2021-01-17 07:53:41,1,0,0,아니 오류 좀 고치든가,아이패드 프로 4 기준으로 계속 읽다가 도중에 꺼지는게 한두번도 아니고 계속 발생하네. 앱을 고치든가 수정을 하든가 해야지 뭔 짓거리야?
335,2021-01-16 07:17:36,1,0,0,쿠키지급,"오븐말고 이벤트로 쿠키주는 거 있잖아요
그거 이벵 참여 했는데 쿠키 왜 안 줘요? 추첨 아니고 즉시 지급 이라고 써져 있어요
제가 이용권으로 봐서 안 주는 건가요?"
336,2021-01-14 16:09:35,1,0,0,구형 아이패드도 호환 좀 되게...,"전 쿠키도 엄청 사서 보는 열혈 팬인데
핸폰으로는 볼 수 있는데
아이패드는 넘 구형이라 안되네요 앱 다운로드 자체가 ㅠ
어차피 글 읽는거 뿐인데 그렇게 신형일 필요 있나요.
구형이랑도 호환되면 안되나요??
ㅠㅠ
심지어 wavve 나 넷플릭스도 제 구형 아이패드로
다 되는데 시리즈만 안된다는 ㅠㅠㅠ"
337,2021-01-14 05:47:18,4,0,0,다 좋은데,진짜 다 좋은데요. 연재 중인 작만 보여주는? 그런 기능도 있으면 좋을것 같아요
338,2021-01-13 18:48:26,1,0,1,왜이렇게 튕길까요,한페이지도 못넘어가서 자꾸 튕기네요.
339,2021-01-13 10:12:00,2,0,0,하,쿠키 구매를 하는데 네이버페이로 결제하는 창 자체가 왜 안뜨는거죠 ˀˀ 그리고 언니 폰으로 보니까 언니 폰은 5000원에 쿠키 50개던데 저는 5900원에 49개이던데 무슨 차이인가요 ˀˀˀ 그리고 아이폰 광고추적제한기능 있는거 해결 좀 해주세요 ㅜㅜㅜ
340,2021-01-12 13:00:12,1,0,0,왜 로그인이 안돼죠?? 네트워크 문제라하고하네요,"왜 로그인이 안돼죠?? 네트워크문제로 로그인이
안된다고 뜨네요"
341,2021-01-12 05:23:33,1,0,0,매일 10시 무료 대여권이 안와요,계속 기다렸는데 대여권이 안 오는거예요 ㅋㅋ 이건 무슨 경우죠? 매열무작품은 10시 되면 대여권 지급 해주는 거 아니었나요?
342,2021-01-12 04:29:43,3,0,0,소설 볼 때 불편한 점,네이버 사이트에서 웹소설을 보면 인물 대사 옆에 그림이 나와서 어떤 인물이 하는 지 알려주는데 시리즈 앱에서 보면 그렇지 않습니다 시리즈 앱에서의 형식을 네이버 사이트에서 보는 것처럼 해주실 수 있나요? 그것만 해결되면 결제해서 보고 싶은 것들이 있는데 전용 앱이 네이버 사이트에서 보는 것보다 불편하네요
343,2021-01-11 21:20:47,3,0,0,bgm문제,시리즈를 정말 잘 사용하고 있는 사람으로서 문제가 하나있습니다. 그것은 네이버 웹툰에선 잘만나오는 bgm이 시리즈에서는 나오지 않는 다는 것 입니다. 예)연애혁명 그래서 저는 이런 웹툰을 네이버 웹툰을 깔아서 볼수밖에 없습니다.. 정말 시리즈를 애용하고 있는 사람으로서 최대한 빨리 고쳐주길 바랍니다..
344,2021-01-11 18:00:00,4,0,0,나름 잘 사용하고 있음,근데 2021년 되면서 묘하게 이벤트성 무료 쿠키를 얻기가 어려워진 것 같은데... 아무리 생각해도 1월 1일 기점으로 쿠키받을 수 있는 방법이 줄어든 것 같네요. 5개 정도 주던걸 갑자기 2개로 줄여버림. 뭐 이건 기분탓일 수도 있으니까 그렇다치고~ 그리고 시리즈는 댓글 좋아요순으로 할 수 있는 기능 없나요? 없으면 다음 업데이트 때 꼭 좀 만들어주셨으면 좋겠어용. 댓글보는 맛이 없음.
345,2021-01-11 09:04:36,1,0,0,진짜 간편로그인 오류좀 해결해주세요,딴어플에서는 안그러는데 시리즈앱만 이번 업데이트하고나서 자꾸 간편로그인해놓은 아이디들이 로그인풀려서 다른계정 들어갈때마다 아이디 비번입략해야하고 진짜 넘짜증나요
346,2021-01-11 07:15:21,1,0,0,읽어주기 기능이 있었으면 좋겠어요,그거만 있음 리디북스에서 시리즈로 넘어올 만 한거같은데 ... 많이 아쉽네요
347,2021-01-10 19:21:40,1,0,0,쿠키 오븐 오류 계속 나는 데 답변도 없고,"왜 그래요 진짜....
이제는 진짜 이유라도 좀 알고싶어요 

네이버는 카페, 시리즈, 검색 앱 다 만들어 놓고 왜 오류는 관리 안하나요???????

고객센터 문의는 각 어플마다 다 뜯어 놔서 물어보기도 안좋게 해 놓고. 콜센터는 아예 없고 ....

이제는 진짜 진심 이유라도 좀 알고 파요. 
왜그래요?????

스크롤 움직이는 거 버벅 거리고 글씨 뜰 때 한박자 씩 계속늦고 쿠키 충전 이벤트는 구독 이벤트는 무조건 오류 나요. 
그냥 다 현질 하라고 하고 차라리 충전 이벤트를 하지 마세요"
348,2021-01-10 03:42:07,4,0,0,스크롤 버전으로도 하이라이트 메모 등등 할 수 있게 해주세요 ㅠㅡㅠ,흑흑
349,2021-01-09 11:49:26,5,0,0,ㅠㅠㅠ,다운을 받으려고 시도했는데 왜 청구방법과 지불선택이 뜨는건지 잘 모르겠네요.. 전에 다운받았을 땐 안그랬는데 다시 다운받으려하니 그렇게 뜨는데 카드에서 만 천원이 나가고 다운이 되었네요...
350,2021-01-08 04:35:06,1,0,0,아이패드 전용 앱 좀 만들어주세요.,"iPadOS 나온지도 한참 됐는데 적용 되는게 없네요.

Split View 기능도 지원 안되고,

Slide Over 기능도 지원 안되고,

Trackpad 로 작동도 안되고...

독서를 대부분의 패드 사용자들이 할텐데 너무 대처가 늦는것 같습니다."
351,2021-01-08 00:03:01,1,0,0,개별로,진짜 로그인 처음에 할때 계속 인증쳐도 안돼요^^^ 쓰지마세요 혈압오릅니다^^^^ㅗ
352,2021-01-07 18:25:19,4,0,0,삽화,삽화가 썸네일에만 보이고 글을 읽을땐 안 보여요..
353,2021-01-07 04:19:22,5,0,0,진짜 좋아요,!!
354,2021-01-07 02:06:14,2,0,0,다른 아이디로 로그인,"다른 아이디로 로그인이 다른 네이버 앱처럼 저장되어있는 다른 아이디 선책만 하면 되던게 일일히 비번치도록 바뀜
점점 더 불편해짐"
355,2021-01-06 11:43:39,1,0,0,돈내고산 이북 보지도못하네,"시리즈깔면 pc나 웹에서 사용하라하고 웹로들어가면시리즈로바로연결되고  무한 반복 어쩌라고?

아이패드로는 왜못보는건데? 환불하려니 3페이지읽었다고 환불도안돼   어쩌라고? 

어디 코딩 동호회 외주 준거냐?시대가 어느땐데 기기호환가지고 사람 승질돋구냐"
356,2021-01-06 10:09:41,1,0,0,삽화 안 보임,아니 재밌는데 쿠키로 결제하면 맨날 삽화 안 보여서 다시 설치해야됨 개빡침
357,2021-01-06 01:32:38,5,1,0,완전판,"시리즈 완전판 ios버전 만들어주세요ㅠㅠㅠ 
성인컨텐츠 안보여서 불편해요"
358,2021-01-05 17:14:19,1,0,0,서버 구축 안 하신 겁니까?,돈 안 벌려고 작정하셨나요? 쿠키를 결제는 할 수 있게 해줘야 할 것 아닙니까. 결제 창에서 일곱 번째로 튕기고 나서 빡쳐서 리뷰 쓰러 왔습니다. 사용자가 많다니요? 오전 10시도 안 된 시간에 사용자가 쿠키 구매 서버가 터질 정도로 많을 수가 있나요? 네이버 정도면 이 정도 서버 구축은 해 놔야 하는 것 아닙니까? 내가 시리즈 독점만 아니었어도 거들떠도 안 봤을 텐데 막상 써 보니 뷰어도 잘 돼있고 가독성도 괜찮아서 돈 좀 쓰려고 했는데 이게 뭔가요. 아니 쿠키 오븐에서 이벤트 참여해서 받은 쿠키는 또 왜 안 뜨는 겁니까ㅋㅋㅋㅋㅋㅋ나 참 어이가 없네요. 뒷골 당겨서 더 이상 못 쓰겠습니다. 쿠키 좀 사게 해달라고요! 돈을 쓰겠다는데 왜 계속 사용자가 많다고 기다려달라고 하는 겁니까
359,2021-01-05 12:29:13,5,0,0,이벤트 쿠키 먹튀 주의,"몇년전에도 쿠키받을라고 자동차보험 시리즈에서 골라 가입햇는데 먹튀하드만 ㅎㅎㅎㅎ 이번엔 쿠팡 5만원 이벤ㅎㅎㅎㅎ 시리즈는 진짜 잡스러운데 사람 신경 건드리는 어플과 관리자들의 콜라보임. 20년12월 중순에 보낸 메일을 21년 1월 5일에 마무리하는 클라쓰. 근데 결론이 시리즈가 아니라 웹이나 앱으로 결제해서 못 주겟댘ㅋㅋㅋㅋ 근데 나 쿠키 지급이 안됏길래 취소하고 새로 시리즈 들어가서 결제한거거든 ㅋㅋㅋㅋ 그리고 애초에 시리즈 쿠키받기 눌러도 니들이 웹이랑 앱 둘다 열어주잖아. 옥션처럼 접속on/off기능을 달던가 그냥 시키는대로 햇는데 사람 거짓말쟁이로 만드네 이 오래사실 분들이! 내가 한번도 아니고 니네 하는게 믿음도 없고 겁나 찜찜해서 혹시나 웹, 앱 다 종료하고 시리즈만 틀어놧엇다 이 거북이보다 오래 살 분들아...! 
네이버에 쿠키지급만 쳐봐도 지식인에 너네가 먹튀한 내용 줄줄이거든? 일하기싫음 앱도 접으라고!!!! 네이버는 하청업체 감수 안하냐. 일 이따위로 몇년을 하는데 이렇게 나몰라라냐. 카페 짝퉁들 어휴"
360,2021-01-05 07:10:11,1,0,0,업데이트후에 로그인 정보가 저장이 안되네요,업데이트 전에는 아이디 여러개 로그인 정보 저장됬는데 업데이트 하고 나니까 아이디 한개 밖에 저장이 안되네요
361,2021-01-05 05:35:31,1,0,0,간편아이디,오늘부터 갑자기 로그인 되어 있는 아이디 제외하고 다른 간편 아이디들 다 로그아웃 됩니다;; 고쳐주세요
362,2021-01-04 10:51:41,4,0,0,잘 쓰고 있습니다,비록 한 소설 보려고 다운받은 거긴 해도 긴 소설 큰 불편함 없이 다 읽었어요 다만 한 가지 아쉬운 점은 표시같은 걸 전혀 할 수 없다는 거예요 소설을 읽다 보면 나중에 틈틈이 다시 보고 싶은 구절이 있는데 그런 부분을 표시할 수 있는 형광펜 기능 같은 게 없어서 아쉬워요 그래서 꼭 표시할 수 있는 기능이 추가 되었으면 좋겠어요... 부탁드릴게요 ㅠㅠ
363,2021-01-04 05:52:59,4,0,0,진짜 못쓰겠네요,아니 이벤트로  10시에 이용권 받고 소설을 보면 쿠키를 준다고 하길래 봤더니 하루사 지나도 안오네요 진짜 버그인줄알고 한번더 다음날 했다가도 또 안되네요 진짜 버그 개오지네 제발 앱 관리좀 잘해주세요
364,2021-01-04 04:43:13,1,0,0,업데이트 후 망가진 시리즈. 담당자 시말서각,"이벤트 확인할려니 업데이트 하라고 해서 했더만
어플을 보기 힘들게 만들어 버렸네;;
이벤트 담당자 누구인지 몰라도 시말서각이다
업데이트 할때마다 퇴보하는 어플은 시라즈가 처음일거다"
365,2021-01-03 08:09:25,5,0,0,개꿀잼!,감사합니다
366,2021-01-02 21:53:48,2,0,0,쿠키오븐,"연락처 동기화하면 쿠키 10개 준다길래 쓰지도 않는 네이버앱 깔아서 번호 인증하고 연락처까지 연동했는데 이미 해 둔 거라고 쿠키 적립을 안 해주네요 이번에 처음 한 거고 이런 기능 있는 것도 쿠키 적립 확인하다 처음 알게 된 건데.. 정말 당황쓰^~^,,"
367,2021-01-01 05:30:43,4,0,0,무슨 뜻이에요?,혹시 매일 10시가 무슨 뜻이에요?매일 10시에 대여권을 준다는거에요?근데 10시가 오후인지 오전인지도 모르겠고 좀 더 자세히 설명해주세요
368,2020-12-31 20:47:09,4,0,0,이거만 추가해주세요~,네이버 웹소설에서는 누가말하는지 대사옆에 그림으로 뜨는데 시리즈에서는 그게 없어서 조금 불편한것같아요. 매번 네이버에 웹소설 치고 들어가기도 그렇고 시리즈앱은 아직까지 보기참 좋은데 옆에 누가말하는지 알려주는 그림이있으면 좋겠어요!
369,2020-12-31 00:47:02,5,0,0,.,재밌어용!!
370,2020-12-29 15:03:56,5,0,0,너무 잘 쓰고 있어요,다른 플랫폼은 글씨 크기 조절도 안 되고 불편한 게 여러가지인데 여기는 너무 편하게 이용할 수 있어요ㅠㅠㅠ 전 다른분들처럼 렉도 하나 없고요! 항상 잘 쓰고 있습니더ㅓ
371,2020-12-27 17:53:26,4,0,0,자동 스크롤 기능,다 괜찮은데 자동 스크롤 기능이 있었으면 더 좋겠어요. 추가 예정은 없나요..?
372,2020-12-26 22:29:04,3,0,0,쿠키를 얻기 어려워요,쿠키 얻는거 쉽게 해주세요 무료쿠키 충전하긴데 쿠키 받을 수 있는 조건이 다 ~ 구매하기 네요 이정도면 유료쿠키 아닌가요 .. 쿠키 얻는거 더 쉽게 해주시고 포춘쿠키 ? 그것도 요즘 안 뜨네요 ..
373,2020-12-26 03:26:17,1,0,0,이미 본 건 up표시 지워주세요,up표시 뿐만 아니라 푸시 좀 안 보내면 안되나요 대기업이 기대해서 신긴 나왔나 들어가는데 이미 돈내고 봤는데 신간표시 왜 해두는 건가요 ㅠㅠ 기대해ㅆ다가 작가님 원망만 합니다
374,2020-12-25 08:23:18,1,0,0,아이패드에선 사용 불가라고..,웹소설 결제는 했는데 아이패드에서 사용 불가라고 뜨네요 시리즈 타겟층은 아이패드 쓰는 사람이 더 많을 것 같은데 아직도 아이패드 지원이 안된다는게 좀 놀라워요
375,2020-12-25 07:37:25,1,0,0,어플 다운속도 실화냐??,어플 다운속도 실화냐?? 진짜 세계관 최강이다. 와이파이 잘터지는데 어플만 5분째 다연중 이 어플만 이러는데 진짜 문제임 빠른 fix바람
376,2020-12-21 21:12:41,4,0,0,다좋아요 다좋은데,"소설도 재밌는것도 많고 좋은데
댓글보는재미가 없어요 베스트댓글이나 뭐 그런것좀 
만들어주시면 좋을것같아요"
377,2020-12-21 08:45:35,5,0,0,아이폰용 완전판앱도 얼른 출시해주세요,완전판앱 얼른 출시해줘요
378,2020-12-20 06:48:48,5,0,0,광조추적제한해제,쿠키이벤트 하려는데 광고추적 재한기능을 끄라고 하네요. 말씀하시는 순서대로 들어가 보기도 하고 여러 방봅을 이용해보려고 했지만 안 되네요
379,2020-12-19 07:27:32,5,0,0,너무 편하고 좋아요!,모바일로는 웹페이지로 보기 불편해서 앱을 깔아봤는데 편하게 읽고 있습니다!!
380,2020-12-19 01:27:26,5,0,0,설정 사항이 늘어났으면 합니다ㅠㅠ,다 좋은데 잠시 앱을 나갔다 들어오면 페이지가 한 쪽씩 밀려 있어요. 그렇게 불편한 건 아니지만 뒤로 가면서 계속 밀려서 좀 번거롭네요ㅜㅠ 또 맨 첫 페이지에 소설 표지가 뜨는 걸 설정에서 없앨 수 있었스면 좋겠습니다.
381,2020-12-18 05:39:15,2,0,0,???,"시리즈 즐겨보는 유저입니다 
쿠키 오븐에서 쿠키 얻을려고 게임을 깔고 본부가 14렙 되면 쿠키17개를 준다고 하여서 본부를 1시간30분동안 13레벨 본부를 기껏 만들었는데 갑자기 사라졌네요 그냥 주기 싫은건가요? 몇 시간을 기달려도 다시 안생깁니다. 혹시나 해서 다른 핸드폰으로 봤는데 갑자기 거긴 생겨서 잘 있네요?"
382,2020-12-16 17:45:17,3,0,0,다 좋은데 아쉬운 점이 ..ㅠㅠ,"원래는 안그러다가 요즘 만화를 다운받으면 네트워크 연결이 유실된다고 뜨네요 심하면 한번 다운받는데 다섯번까지도 ㅠㅠ..그리고 내가 본 작품과 비슷한 작품으로 추천 리스트가 뜨는것처럼 컨텐츠별로 나눠서 작품을 추천해주는 시스템이 있으면 되게 편하고 좋을 것 같아요 예를들면 일본 순정만화-너에게 닿기를,오늘부터 신령님,아오하라이드,옆자리 괴물군••• 요렇게요"
383,2020-12-16 03:22:32,1,0,0,다른 건 다운되는데 왜 이것만 다운이 안 됨?,와파문제인 줄 알았네 평점이 바닥치는 이유를 알 만하네 다운속도 실화냐
384,2020-12-14 22:03:50,4,0,0,아이폰 업데이트,정말 정말 잘 쓰고 있는 앱이지만 아이폰은 완전판을 보기 힘들어요 수정해주셨으면 좋겠습니다
385,2020-12-14 04:14:41,5,0,0,ui 문의 및 신고,"댓글창에서 닫기 버튼을 누르려고 할 때, 잘못누르면 자꾸 문의 및 신고 버튼을 누르게됩니다.
사파리에 문의 및 신고창이 자꾸 쌓여요..
문의 및 신고 버튼을 다른 쪽으로 옮겨주실 수 있나요?"
386,2020-12-13 10:05:54,5,0,0,좋아요,"네이버 서비스 개꿀이라 여러가지 써보고있는데 시리즈도 괜찮은것같아요 
근데 인소의 꽃은 아무래도 커뮤니티 아니겠습니까 조금 더 홍보하고 다듬어서 활성화되었으면 좋겠어요
힘내세요"
387,2020-12-13 07:41:59,4,0,0,나이제한좀!,아니 15세ㅜ이상인데 자꾸 15세이상이 아니라고 못보여준다고 이러는데 화나네요
388,2020-12-11 00:15:31,4,0,0,시리즈 좋아요 좋은데,"시리즈 잘 사용하고 있는 유저입니다! 쿠키오븐 다양한 것도 좋고 매주 찾아오는 포춘쿠키랑 타임딜도 좋아요. 스크롤로 바꿨을때 부자연스러운 공백이 없는것도요. 그리고 밝기, 테마, 글꼴, 줄간격까지 원하는대로 설정할수 있는것도 참 세심하니 좋습니다. 밤에 웹소 정주행할때 야간모드도 잘 사용하고 있고요. 다만 몇가지 개선되면 더 좋을것 같은 부분이 있어서 리뷰 씁니다. 일단 댓글창이 너무 불편합니다... 시리즈는 왜 좋아요순으로 댓글을 볼수 없는거죠? 무조건 최신댓글순으로 정렬이 되니까 스포나 악플같은걸 거를수가 없어서 너무 불편해요. 댓글보는 재미가 사라진달까요. 댓글을 좋아요순으로 볼수 있으면 좋겠고 또 대댓글을 달수 있었으면 좋겠습니다. 시리즈가 다른 웹소설 앱에 비해 댓글이 적은편인게 이 두가지가 안되기 때문이 아닐까 싶거든요. 그리고 또 하나는 웹소설 카테고리에 정식연재, 무료연재 등을 나눴으면 하는 부분입니다. 지금은 매열무만 따로 나눠져 있는 상황인데 전 회차 무료인 작품과 현재 네이버 웹소설 정식연재가 되고 있는 작품들도 따로 확인할수 있으면 좋겠어요. 그리고 이벤트를 한번에 볼수 있는 곳이 있으면 좋겠습니다. 저는 로판이 본진이지만 판타지도 보는 편인데 메인화면 이벤트는 로판만 떠서 판타지쪽 이벤트들은 확인이 어렵더라고요. 물론 메인화면에 뜨는것도 편하고 좋지만 따로 이벤트들을 확인할수 있는 창이 있으면 좋을것 같아요. 다른건 사실 크으게 불편하진 않고 이러면 더 좋겠다! 정도지만 댓글은 제발... 개선됐으면 좋겠네요."
389,2020-12-10 09:11:00,1,0,0,웹이랑 똑같이 만들어주세요.,웹으로 소설 읽을 땐 옆에 인물이 나와서 누구 대사인지 바로 알 수 있는데 여긴 너무 답답하네요. 소설 특성상 인물 여러 명이 대화할 때도 많은데 웹으로는 있는 기능이 앱에서는 없는지 황당하고 불편해요. 그리고 삽화도 웹처럼 화면 가득 맞게 나와야하는데 조그맣게 나와서 읽는 맛이 확 떨어지네요. 웹에 비해 퀄리티가 너무 떨어져요. 웹에서도 쿠키 굽게 해주세요.
390,2020-12-08 20:33:16,2,0,0,쿠키 이벤트 하지도 않았는데 이벤트 하려고 하면 이미 완료한 이벤트라고 떠요,"쿠키 이벤트 하려고 이벤트를 클릭 했는데 한 번도 
참여 안 한 이벤트를 들어가서 받으려고 했는데
이미 참여한 이벤트라고 떠요 왜그런가요?? 
피드백 부탁드립니다."
391,2020-12-08 16:08:02,5,0,0,리뷰가 왜 다 나쁜지 이해가 안되네...,"저는 개인적으로 굉장히 만족하면서 쓰고 있어요..! 
그나저나 일일이 답변 달아주신다고 힘드시겠어요..."
392,2020-12-07 20:49:46,1,0,0,오류,이번에 업데이트했더니 왜 안들어가지죠
393,2020-12-07 19:22:25,1,0,0,E북은 시리즈로 구매하지마세요,"E북 구매하면 글자체 크기는 조정이 가능한데
책에 수록된 표나 그림은 확대되지 않아서 회계나 자산관리 책을 사봤자 읽을수가 없음

다른 어플은 손가락으로 확대해서 볼수있는데
시리즈는 이런 기본적인 배려도 되어있지 않음
어플 출시전에 개발자들이 사용해보고 서비스하기
바람. 괜히 돈날린 기분만 드네"
394,2020-12-07 04:30:55,5,0,0,페이지 슬라이드 방식 좀 변경해주세요,"특히 만화를 볼 때 문제가 두드러지는데, 만화에서 양쪽 면을 통째도 한 컷으로 만들어 놓으면 시리즈 앱에선 책장 넘기기나 아무 효과 없이 넘어가기만 되서 몰입감이 상당히 떨어집니다. 
 손가락 위치에 따라서 이동하는 슬라이딩 방식으로 (지금 소설 뷰어에 있는 슬라이딩 방식을 말하는 겁니다!) 하면 너무 좋을 것 같습니다!
 화질도 타 플랫폼보다 월등히 좋고 애용하는데, 만화뷰어 관련 페이지 이동 모션이 그 장점을 해치는 것 같아 안타깝습니다. 분명 직접 써보시몬 체감하실 것이라 생각하고, 더 나아졌으면 합니다.
 제발 추가해주시면 더할나위 없이 감사드리겠습니다.

+ 헐.. 바로 업데이트 항목에 반영하려고 해주신점 감사합니다.. 근데 제가 말을 잘못해서 이상하게 전달이 된 것 같네요. 스크롤 방식이 아니라 슬라이드 애니메이션이 사용자 제스처와 즉시 피드백 되도록 되면 좋겠다는 말로 했어야 됐는데.. 죄송합니다ㅠ
(아직도 슬라이드 애니메이션이 너무 띡띡 끊겨서 아쉽습니다.)"
395,2020-12-07 01:46:27,3,1,1,연령제한,저는 시리즈로 만화를 잘 보고있었는데 갑자기 성인인 저에게 15세 연령제한이 걸렸습니다 이게 뭔일이죠? 거기가 쏟은 쿠키가 얼만데 이거좀 해결해주세요
396,2020-12-06 22:42:05,3,0,0,폰트,사용자글꼴 설정할 수 있게 해주세여 ㅠㅠ
397,2020-12-06 03:28:12,2,0,0,왜 광고하고 제목을 안 알려주세요..??,페북에 뜨는거 보고싶어서 앱 받았는데 제목을 몰라서 볼 수가 없네용...
398,2020-12-05 09:06:04,1,0,0,발췌 형광펜 책갈피 기능 넣어주세요,"좋은 작품 많으면 뭐하나요...
위에 기능 없어서
이제 단행본은 다른 플랫폼 이용할까 고민중이에요"
399,2020-12-04 11:57:14,1,0,1,왜 가려가면서 답해요?,"백원이 그렇게 적은 돈도 아니고ㅋ 백원을 내서 다른 긴 웹툰을 볼 수 있는 그 돈을 제가 굳이 이 앱을 깔면서까지 결제를 했고 웹툰 좀 보겠다고 들어갔더니 15세이상만 가능? 장난합니까? 제가 14살도 아니고 지금 뭐하자는 거예요? 그리고 이런 일이 생기면 답을 해서 뭐라도 얘기를 해야지 답을 가려가면서 하시네요? 왜, 이런글은 아예 무시하겠다 이런건가요? 안받으려고 했는데 기분 나빠서 받겠어요; 제꺼 아이디 jua3447이니까 이걸로 백원 결제한거 확인하시고 백원 돌려주세요;;"
400,2020-12-04 06:57:21,1,0,0,쓰레기 같은 웹툰 그만 들여와주세요,"캐릭터, 세계관, 스토리, 디테일 그 무엇도 신경쓰지 않고 잘팔리는 클리셰 몇개 주워 만든 웹툰(그리고 소설들) 그만 들여오세요. 보기만 해도 눈쌀 찌푸려집니다. 옆집 네웹소에 있던 건 특히나 더 그렇습니다."
401,2020-12-03 19:31:19,2,0,0,무료쿠키,"제가 아직 청소년이다 보니 현금으로 쿠키를 결제하는데 어려움이 있어서 무료쿠키를 사용하고 있습니다. 티몬이라는 어플리케이션을 가입하게 됬을 때, 무료쿠키를 받을 수 있다고 해서 가입을 했는데, 3일째 묵묵부답이네요.."
402,2020-12-01 19:13:38,1,0,0,..,데이터도 충분한데 화면이 계속 잘 나와요
403,2020-11-30 05:22:11,4,0,0,자동 스크롤 기능,자동스크롤 기능 추가해주세요~!
404,2020-11-29 17:16:09,5,0,0,시리즈도 웹툰 어플처럼 동기화 되게 해주세요ㅠㅠ,태블릿이랑 상황에 따라 기기 바꿔가면서 읽고 있고 웹툰 어플에는 정주행 기능이 없어서 시리즈로 보고있는데 웹툰 어플이랑 동기화가 안돼서 불편하네요ㅠㅠ
405,2020-11-29 04:04:02,2,0,0,쿠키 10개 날렸네요 ㅠㅠ,리브메이트 신규회원가입 했는데 쿠키 10개를 안 줍니다... 해결해주세요 ㅠ
406,2020-11-28 09:05:10,1,0,0,별로인듯,댓글도 못달고 구매한책 찾기도 어려움 무슨 구매한책 한권한권씩으로 나와서 예전에 구매한책 기억안날때 ㅈㄴ 밑으로 내려서 찾아야됨 그리고 간혹가다가 책 제목없고 몇화인지만 써져잇는건 그게 완결인지 아니면 그냥 연제 중단인지 모르겟음 그리고 알람꺼놓고 관심등록하면 계속 알람키라고 창뜨고 솔직히 시리즈 독점연재만 없어도 이거 안씀
407,2020-11-27 20:36:30,2,0,0,단행본 가로보기 2쭉씩 볼 수 있음 좋겠네요,일부 만화들이 이제 시리즈에서만 볼 수 있던데...컨텐츠 확보에만 열 올리고 UI는 덜 신경쓰나보네요. 맥용 앱에선 잘 해 놓고 모바일앱에선 왜 안 해요? 개선되면 별점 올릴께요
408,2020-11-27 06:27:11,1,0,0,진짜 화나요,보상지급 안 해주는 거 한 두 번도 아니고 ㅋㅋㅋㅋ 제 개인정보만 탈탈 털렸네요 더러워서 안해 시베리아 허스키 왈왈왈라라라라라랄ㄹ라ㅏ!!!! 돈 받고 일하면 일 좀 제대로하지 광고 받는거 다 돈받고 하는거면서 이용자 신상만 털어가고 ㅋㅋㅋ 진짜 어이 털린다 지치네요 걍 제대로 못할거면 이벤트를 만들지 마요 ㅋ 사람기분만 잡치게하네요 아
409,2020-11-26 09:26:56,4,0,0,좋은데 한가지가 살짝 불편합니다,단행본이 아닌 소설을 볼때 매화마다 표지가 있는게 거슬려요ㅠㅠ 정주행을 하는 독자로서 200화 넘는 소설을 계속 표지를 200번 넘게 보니 불편합니다 개선해주세요ㅠ
410,2020-11-25 21:45:25,1,0,0,앱에서 소설 볼 때 왜 세세하게 조정이 안되나요??,문단간격 들여쓰기 좌우여백 조정 안되고 문단 정렬도 없고 차라리 소설 전용 앱을 이북 버전으로 내든가요 책갈피도 안되고 칠하기도 안되고 이게 웹이랑 뭐가 다르죠?? 차라리 웹으로 보는 게 낫지 그것도 막아놔서 모조건 앱으로 가게끔 했으면 적어도 볼 때 불편함은 최소화를 해야죠 왜 내 돈 내고 보는데 이런 불편함을 감수해야하는지 이해가 안되네요
411,2020-11-25 18:14:09,1,0,0,존나너무하시내요,왜 쿠키 안주세요? 네????
412,2020-11-25 09:51:21,1,0,0,아니 왜 이걸 깔아야만 볼 수 있게 해놓음?,ㅡㅡ
413,2020-11-25 04:29:40,2,0,0,결제좀하게해주세요,돈내고 보겠다는데 쿠키충전하려하면 사용자가 많아서 안된다는창만 뜨고 결제창 자체가 안나오네요 제발 쿠키좀굽게해주세요
414,2020-11-24 07:19:11,1,0,0,아니 뭐하자는 거임?,네이버 운영자님들아 무료쿠키 좀 똑바로 관리하세요 받을 려고 대기 탔더니 왜 이벤트가 싹 다 없어져있죠? 갯수가 정해져 있다고 해도 그렇지 무슨 순식간에 갑자기 사라져있고 24시간 후에 받으라는데 저번에도 그렇게 했다가 시간만 날리고 이벤트는 없어져서 못 받았어요ㅡㅡ 그리고 무슨 유료 50화 보면 쿠키 준다는거 그거 겁나 구려요 걍 대여권으로 쓰는게 훨씬 이득일꺼 같네요
415,2020-11-23 16:35:00,1,0,0,아이패드로 책을 읽으려고 샀는데 안켜져요,"핫스팟 연결인되어잇으면 앱에 들어가지고 그 이후 핫스팟 연결하고 보관함에 있는 구매한 책 읽으려고 하는데 불러오긴 하는데 안켜져서 못읽음요.
로컬에 책을 저장을 했는데 로컬 데이터 사용도 못하는게 너무 안좋아요. 교보문고 앱처럼 적어도 구매한 책은 인터넷없이 읽을 수 있어야 하는거 아닌가요?

그리고 핫스팟 연결을 하면 앱에 안들어가져요. 스플래시?화면에 계속 머물고있네요 인터넷속도가 느려서 그런거같은데 책 구매하는 컨텐츠를 넣었으면 인터넷 없이도 사용가능하게 해야죠.."
416,2020-11-22 10:08:42,5,0,0,도대체 왜,1점 주면 내려갈까봐 5점 줬는데 제 맘은 1점입니다 진짜 도대체 왜 무료쿠키 증정이 한시간째 안 오는거죠? 티모가입도 그렇고 하나멤버스도 그렇고 무료쿠키가 13개나 안왔는데 진짜 뭐하자는거죠?
417,2020-11-22 00:01:43,3,0,0,그림,컴퓨터나 네이버에서 검색해서 들어가면 웹소설 읽을 때 동그란 그림이 옆에 있어서 누가 말하는지 알 수 있어서 편한데 이건 그게 없어서 불편해요
418,2020-11-19 23:10:43,5,0,0,네트워크,"몇달째 네트워크 오류 때문에 로그인이 안된다는데
아예 개선을 안하시나요? 업데이트 되서 이제는 
어플 이용해볼수 있으려나 괜히 기대하고 들어왔네요 
칼삭할게요"
419,2020-11-18 18:20:09,1,0,0,지워도 용량 안줄어듬,다운로드에서 만료항목 다 삭제했는데 용량은 계속 점유하고 있음
420,2020-11-17 07:00:59,2,0,0,15세 이상 막는거 에바,아니 솔직히 19세 이상도 아니고 15세 이상까지 막으면 어쩌자는거 ㅠㅠㅠㅠ 액션도 못보고
421,2020-11-16 10:55:21,1,0,0,깔기 싫은데,안 깔고 웹으로 보는 기능은 아예 없나봐요? 엥간히 불편하네
422,2020-11-13 11:05:23,1,0,0,어떻게 보라는건가요..?,"아이폰 유저입니다. 평소에 웹툰을 볼 때 네이버 웹이나 컴퓨터에서 쿠키 결제를 했었는데, 오랜만에 웹소설을 보려고 하니까 자동으로 시리즈 앱이 열리네요..?
그래서 네이버 웹(사파리)에서 결제를 했는데, 읽으려고 누르면 시리즈가 자동으로 열리고, 웹에서는 결제는 되어놓고 읽히지도 않으면서, 열린 시리즈 앱에서는 결제가 필요한 회차라고 뜨는 대환장 상황이 되네요.
도대체 어떻게 보라는 건가요..?? 이미 결제되어 있는 쿠키는 쓰지도 못하는건가요..? 분명 전에는 됐던 것 같은데 이제는 또 안 되는 게 어이가 없네요ㅠ 왜 웹에서는 쿠키가 있는데 앱에 들어가면 쿠키가 없나요.. 웹이랑 앱이랑 연동도 안 되고.. 웹에서 구매한 회차가 앱에서는 구매되어있지도 않고... 
네이버 웹소설은 잘 안 봤었는데 이런식으로 하면 보려다가도 못 보겠네요... 시리즈 앱을 지워야 웹에서 봐지려나;"
423,2020-11-11 12:52:16,5,0,0,신고버튼위치 개선,신고버튼이 댓글창 닫기버튼과 위치가 가까워 닫기버튼을 누를 때 자꾸 눌려서 불편합니다.
424,2020-11-11 06:26:04,2,0,0,한번 봐주세요,"11월 11일에 올라온 10시 무료 쿠키 있잖아요, 추천작 10화보면 포춘쿠키 준다해서 볼려했더니 전부다 만 15세 이상밖에 없네요. 아직 제가 생일이 안지나서 만 15세가 아닌데 전체이용가 비율을 좀더 늘려주리면 안될까요? 예전부터 불만이었는데 전체연령가도 즐길수 있는 소설을 내주셨으면 좋겠어요 10시 무료 포춘쿠키가 모두에게 부여되는게 아니고 만 15세 이상에게만 부여되는듯한 느낌..^^"
425,2020-11-08 05:29:21,3,0,0,쿠키오븐 업데이트가 안되네요...,아직 학생이라 쿠키를 구울수는 없어서 쿠키오븐을 이용하는데 항상 같은것만 있고 업데이트가 안되네요...다른 친구들 폰으로 보면 새로운 것들도 많이 있던데 제 쿠키오븐은 항상 같은것만 있어요... 제발 업데이트좀 빨리 해주세요...!!
426,2020-11-07 20:41:56,4,0,0,북마크,다른건 다 만족하고 잘쓰고 있는데 뷰어에 북마크 추가해서 볼 수 있도록 해주시는건 안되나요?? 생각나면 바로 그 구절로 갈 수 있게끔. . .
427,2020-11-07 20:29:25,2,0,0,아이폰 11프로 맥스유저인데,"웹툰은 로그인 잘되고 잘봐지는데
시리즈/카페 만 실행도 안되고 글도 안읽어지고 어쩌다가 읽어지셔 다음편 볼려고하면 네트워크에 연결이 안되어 있다고 하도
아주 개판이네요"
428,2020-11-05 14:44:52,3,0,0,아이패드에서 가로모드에서 스크롤뷰 가능하게 해주세요ㅠ,"가로모드에서는 페이지뷰밖에 안되는데 용량이 많은책은 페이지 한장씩 넘기는데 너무 오래걸리고 반응이 느립니다.

그리고 읽다가 설정바꾸려고 화면 터치하면 페이지가 넘어가고 또 이게 느리게 반응해서 너무 방해됩니다..

왜 세로로 세워야만 스크롤뷰가 가능한가요?

그리고 스크롤뷰에서도  하이라이트 기능 지원해주세요ㅠㅠ

반응이 느려서 스크롤뷰로 보면 또 하이라이트가 하나도 안보여서 아쉽습니다...

이 작업이 많이 어려운지는 모르겠지만 이 두가지만 해결되면 편리하게 독서할 수 있을것같아요"
429,2020-11-05 07:36:14,3,0,0,소설 읽을때,"웹사이트에서 처럼 주인공 얼굴 나오게 해주세여ㅜㅜ 
진짜 너무너무 불편하고
결제 했는데도 읽기 싫어져요ㅠㅠㅠ 

그렇게 안되면 그냥 웹에서 보게 해주던가요ㅜ"
430,2020-11-05 05:07:37,2,0,0,뷰어랑 글씨체 좀 어떻게 해주세요,옆동네 카카오는 읽기도 편하고 글씨체도 책이랑 비슷해서 거부감이 없는데 여기는 읽기가 좀 꺼려지는 글씨체네요
431,2020-11-04 17:51:58,5,0,0,시리즈 시작하려는 사람을 위한 팁,"시리즈를 사람들이 이런저런 이유로 까면서도 계속 하는 이유는 오직 타임딜 하나뿐이다. 매연무는 카카오가면 된다. 타임딜도 요즘 네이버가 평점 낮고 재미없는 거만 골라서 하니, 깔지는 말고 네이버 사이트 들어가서  시리즈가 지금 하고 있는 타임딜이 괜찮다 싶으면 그때 깔고 타임딜 보고 다시 지워라. 저장용량 아까우니까"
432,2020-11-04 04:49:36,1,0,0,업뎃 되더니 쿠키도 없어지고 이용권도 사라지고...,업데이트 하고 왜 있던 쿠키도 사라지고 매열무 이용권도 사라지나요....ㅠㅠ
433,2020-11-04 01:02:29,3,0,0,아이패드 스플릿뷰 지원 해주세요,"아이폰으로 앱사용을 엄청 편리하게 사용하고 있습니다
하지만 아이패드에서는 스플릿뷰가 안되어서 불편합니다.

다음 업데이트때 스플릿뷰를 지원해주신다면 아이패드로 볼때 정말 편리할것 같습니다 감사합니다!"
434,2020-11-03 18:06:11,3,0,0,무료쿠키 참여가 안됩니다,"아이폰 이번 업데이트로 인해 무료쿠키 참여가 불가능해진 것으로 보이는데 해결이 필요할 것 같습니다..
잘 쓰고 있었는데 이렇게 되니 당황스럽네요ㅜ
네이버 지식인 들어가보니 다른 앱 포함 광고 참여 이벤트에서 이런 사례가 많은 것 같은데 해결 방법이 없을까요..?"
435,2020-11-01 22:50:57,2,0,0,수정 좀,15세 이상이 너무 많네요 그거 좀 수정하면 더 많은사람 볼수있을테고 하... 돈 써야하는게 심각하게 많네요 15세 이상 그거 좀 안했으면 제발
436,2020-10-29 06:04:13,5,0,0,리디북스 듣기모드,"리디북스 급으로 듣기모드 추가 하실 생각 없으신가요 ?
책은 시리즈 앱 이 더 맘에 드는데 운전중 듣기모드로 하고 운전 하느라
리디북스 를 끈을수가 없네요 듣기모드 가 독보적 이라 배짱도 장난 아니고
시리즈앱 이 듣기모드 추가 하면 너무 좋을꺼 같아요 5년에 리디북스 탈출 하고 싶다 !"
437,2020-10-27 08:00:25,1,0,0,옆으로 넘기는 거 말고 밑으로 스크롤 하는거로 바꿀 수 있도록 해주세요,소설 읽으려고 처음에 들어가면 맨 밑에 페이지 넘길때 스크롤로 넘기는걸로바꿀 수 있는 바 있다가 클릭하려고 해도 1초만에 사라지네요 바꿔주세요 너무 불편해요
438,2020-10-27 00:01:10,5,0,0,아니 쿠키 준다면서,10화 보면 주는 무료쿠기 뽑기를 할려고 10화를 열심히 봤는데 쿠키가 지급이 안되네요? 한 두 번도 아니고 맨날 오류 나는건지 왜 지급이 안 되는거죠? 진짜 몇 번은 그냥 참고 넘겼는데 가끔 지급이 안돼서 여기다가 문의 해봅니다
439,2020-10-26 22:27:28,2,0,0,가로놓아 두쪽보기좀,글골추가도
440,2020-10-26 13:44:25,5,0,0,좋아요,좋아요
441,2020-10-26 06:24:18,2,0,0,너무 돈벌려고만 하는 느낌,"이것도 넷플릭스처럼 정액제로 했음 좋겠음 
너무 한화당 그닥 많은 내용이 있는것도 아닌데 쿠키가격이 너무 비쌈..그러다보니 컨텐츠가 많은 다른 매체를 찾게됨..."
442,2020-10-24 20:58:48,1,0,1,책 구매 후에 다운로드 받으니까 라이선스 오류라고 떠요,해결좀요
443,2020-10-24 04:50:59,2,1,0,라이선스 오류,방금 새로 다운 받아서 다운로드 받으려는데 라이선스 오류라고 뜨면서 다운로드가 아무것도 안돼요ㅠㅠㅜ
444,2020-10-23 14:43:00,1,0,0,"북마크, 형광펜 기능, 검색 기능 추가해주세요","북마크, 형광펜 기능, 검색 기능 만들어 주세요.
다른 이북앱은 다 있는데.. 네이버 시리즈는 나중에 다시보고싶은 부분 검색해서 찾고 싶어도 못찾아서 너무 불편해요."
445,2020-10-22 21:34:07,1,0,0,쿠키를 너무 안줘요,"같이 사용하고 있는 제 친구는 쿠키를 거의
매일 4개 이상을 주는데 왜 저는 거의 3달 2개 꼴로 주시네요 심지어 제 친구한테 소개한 사람도 전데.... 억울하네요ㅠㅠ"
446,2020-10-22 19:47:19,4,0,0,개선되었으면 하는 점이 있습니다,"pc버전, 앱을 사용하고 있는데 간혹 다른 기기에서 보던 페이지로 이동이 안뜨거나 이동해도 첫 페이지로 넘어가는 경우가 있더라구요. 어플에도 Pc버전처럼 책갈피설정, 이동 기능이 있으면 좋을 것 같습니다"
447,2020-10-22 12:32:29,3,0,0,모바일전용,"ios 은 모바일 전용이 왜 안되는 건가요?
안드로이드에서만 되서 좀 불편했습니다"
448,2020-10-21 04:37:15,1,0,0,"검색, 목차, 북마크 기능은 언제쯤 넣어주시나요?","아니 뭔...
이북 장사할려면 최소한 기본적인건 갖춰야하는거 아닌가요? 독점작이라 어쩔수 없이 샀긴 샀는데. 이건 뭐 종이책보다 더 불편하네요. 페이지 숫자도 아니고 근본없는 퍼센티지 표기라서 두배로 불편한 느낌."
449,2020-10-21 00:49:09,5,0,0,일러스트,왜 저는 일러스트가 안 뜰까요 무료분에만 일러스트가 풀리는 것도 알고있어요 그래서 무료분 풀릴 때만 보는데도 안 뜨네요 이유가 뭘까요ㅜㅜ
450,2020-10-20 13:19:06,2,0,0,쿠키가 없어져요,제가 쿠키를 발급 받았는데 쿠키를 다 쓰지도 않았는데 쿠키 내역에 들어가보니 제 쿠키가 다 사라져 있더라고요ㅠㅠ 이거 고쳐주세요ㅠㅠ
451,2020-10-19 05:48:54,4,0,0,너무 재밌는데...,너무 재밌긴한데 완결된 웹소설 같은 경우는 쿠키 모으는게 너무 힘들어서 작품을 잘 못즐기게 되는거 같아요 ㅠㅠ 조금더 쉽게 바꾸거나 무료쿠키를 좀더 늘리는건 어떨까요 ㅠㅠ 개선해주요 ㅠㅠㅠ
452,2020-10-18 05:42:44,4,0,0,말하는인물 옆에 인물그림이 있었으면 좋겠습니다,읽을때 나오는 인물들이 말하는 글만 나오니까 구분하기가 힘들어요ㅠㅠㅠ네이버처럼 말하는 인물 옆에 인물그림이 있었으면 좋겠습니다!!
453,2020-10-17 06:05:55,1,0,0,15세 인증하는 방법,지금 15살 넘었는데 소설이나 웹툰을 읽거나 보려고 할 때 15세라고 자꾸뜨는데 인증을 하는 방법이 있나요??
454,2020-10-17 06:02:11,2,0,0,아래로,네이버 웹소설 처럼 아래로 내려서 읽는 기능이 있었으면 좋겠어요
455,2020-10-15 23:52:21,3,0,0,앱이 바뀌더라도 기능은 유지해주시지 ㅠㅠ,"예전에 사 놓은 책을 다시 읽으려 하는 데

책 검색 기능과 책갈피 기능이 사라졌네요.

책갈피 기능이 없어 매번 찾아야 하니 
매우 불편합니다.

부디 이 기능과 단어 검색 기능 다시 살려주세요 ㅠㅠ"
456,2020-10-14 21:43:47,5,0,0,소설 제목,"소설 제목이 계속 이상한 언어로 뜨는 오류가 생겨요 ㅠㅠ
그것만 빼면 사용하는데 편리하고 좋아요 ㅠㅠ"
457,2020-10-14 17:46:39,1,0,0,솔직히,"시리즈 왜 따로 만들었나 이해 불가다.
불편하기만 하고 없애라 그냥..
어쩔 수 없이 써야해서 더 짜증남"
458,2020-10-14 09:21:03,3,0,0,아이폰 결제방법,결제 방법이 앱스토어에서 결제하는것 밖에 없는건가요......? 제발룜 ㅠㅠㅠㅠㅠㅠ 토스나 무통장 쓸 수 있게 바꿔주시면 조을거가타욤.... (_ _)
459,2020-10-14 03:18:21,1,0,0,네트워크 오류,"제 데이터 문제가 아니라 이 앱만 네트워크 연결이 안 좋다는 오류가 계속 떠서 100화 보는동안 앱을 지웠다깔았다 데이터를 껐다켰다 몇번을 했는지 몰라요 지금도 어김없이.. ㅎㅎ 제발 개선좀 해주세요ㅜ
지금 대여했는데 보려니까 앱으로 연결되고 앱은 지금 일주일넘게 네트워크문제로 안된다고 실행도안되고ㅡㅡ 지웠다깔았다해도 소용없네요 이러다 대여기간 끝나면 환불해주실건가요 ㅎ.."
460,2020-10-12 19:57:41,5,0,0,쿠키,진짜 다 좋은데요 무료로 쿠키 굽는거 다 해서 유료 서비스 구매하라는 것만 계속 남아서 웹툰 못 보고 있어요 학생이라서 카드도 없는데 쿠키 오븐 미션? 그더 바꿔주세요
461,2020-10-12 17:37:43,3,0,0,소설 대여,이제 소설 대여 안되는건가요?
462,2020-10-11 05:36:02,1,0,0,책넘어가는게 웰케느려,답답해죽는줄
463,2020-10-10 03:33:56,1,0,0,무료쿠기 받기가 안떠요,무료쿠기 받는게 있는게 받는다 했는데 왜 안오죠?
464,2020-10-09 22:28:26,5,0,0,아이폰 완전판앱 내주세여....,저 돈있어요 제발 내주세요.....
465,2020-10-09 21:12:19,4,0,0,개인 사정으로 계정 탈퇴한 사람은 보지도 못하네요..,계정 없이도 볼 수는 없나요?
466,2020-10-08 22:04:52,5,0,0,볼륨키,"아이폰은 볼륨키로 페이지 넘김 기능없나요? 너무 불편해요,,"
467,2020-10-08 06:50:19,4,0,0,잘 쓰고 있습니다,"다양한 작품들 읽으면서 많은 감정들을 느낍니다 
딱 하나 부족한 건 아이폰 댓글 정렬순이 신경쓰여요...
좋아요 순으로 설정할 순 없는 건가요...?"
468,2020-10-08 01:17:44,5,0,0,부탁드립니다!,다 좋은데 항상 다운받고 좀 보려고 하면 대화형이미지가 안돼서 그냥 지우고 브라우저 웹소설로 봐요ㅜ 업데이트 하실때 꼭좀 부탁드립니다. 가끔 출현인물이 많은 소설 보면 약간 헷갈릴때도 있어서요.
469,2020-10-07 18:15:03,1,0,0,이거 뭐 어떻게 하는건데요,"아니 무슨 그 무료쿠키 받을려고 해라는 구독 다하고 스크린샷 업로드 하는데 안돼요,,그 우측문의를 해라는데 뜨지도 않고 무슨 이런 스크릿샷 찍는거 저번에도 그냥 안되길래 저번에도 구독 하고 스크린샷 했는데 안되더라고요
그냥 쿠키는 안들어오고 그 이벤트는 했다규 사라지고 지금도 안되는대 뭘 어떻게 하라는건데요 우측상단도 안보이는대 이화면 계속 안되고 냅두면 그냥 사라지는데 좀 어떻게 해봐요"
470,2020-10-07 03:57:25,4,0,0,서예지언니때문에 깔았습니다,사랑해요 언니
471,2020-10-06 21:43:12,4,0,0,매열무,"매일 3장 무료권 들어오는거 어제 10시 지나서도 안들어온다고 문의 넣었는데 답이 없어요,, 얼마나 기다려야 답변 오나요? 못받은 무료권은 다시 주시나요?"
472,2020-10-06 03:24:26,3,0,0,답장이 안와서 여기 남깁니당 ^ㅁ^,"안녕하세요, 시리즈 이용한지 한 달도 안된 사람인데요. 쿠키 이용문의를 보냈는데 답장이 안와서 여기 남겨요. 제가 이벤트 알림을 받고 앱에 들어가서 확인해보니까 유료 100화를 보면 쿠키를 주신다고 하셔서 (개수는 생각이 안나요) 구매할려고 했는데 이용권이 있길래 제가 이용권으로 했는데 안돼더라구용! 그래서 `아 쿠키로만 가능한가?’ 싶어서 쿠키로 다른 소설의 100화를 구매했습니다. (쿠키 3개 보유 중) 쿠키 1개로 볼 수 있다고 하길래 구매했는데 안되더라고요. 오류인가 싶어서 잠시 내버려 뒀습니다. 그리고 오후쯤에 유료 20화 보면 쿠키를 주는 이벤트 알림이 오더라고요. 그래서 마지막으로 믿고 결제했는데.. 왜 쿠키를 안 주는 걸까요.. 혹시 1~20이나 1~100까지 구매해야 주는 이벤트였나요? 그렇다면 환불 부탁드립니다. `쿠키 2개 때문에 이렇게 문의를 남긴다고?’ 하실 수 있겠지만 웹툰이나 소설 결제하려고 모은 건데 이렇게 되니까 너무 허무하고 짜증 나더라고요. 긴 문의사항 읽어주셔서 감사하고요. 쿠키 다시 주시거나 답장 남겨주시면 감사하겠습니다. 🙇🏻‍♀️"
473,2020-10-05 07:12:19,4,0,0,다 좋은데,"제가 똥손이라서 그런지 모르겠는데 최대 5개 포춘쿠키를 뽑으면 한 1달 전 부터 2개씩만 나오네요
이것만 제외하면 진짜 좋네요"
474,2020-10-04 09:34:07,1,0,0,아이패드 댓글 입력이 안되여,제곧내
475,2020-10-04 07:27:46,1,0,0,갑자기렉이심하게걸리네여,다른작업을 하는것도 아니고 오로지 시리즈 앱만 이용하고 있엇습니다. 그런데 갑자기 다른작업을 하고잇다고 하면서 다운이 되지도 않고 서버가 원활하지도 않는다도 하면서 불편함을 주었습니다 조그마한 일이지만 서버는 관리하여 모든사람이 편하게 사용하였으면 좋겟습니다.
476,2020-10-03 18:31:19,2,0,0,오류 고쳐주세요,"아니...100화 보면 20개 준다길래 봤는데 안주네요?
뭐지... 그리고 꼭 현질하도록 만드는것도 보기 좀 그렇네요"
477,2020-10-03 16:55:23,1,0,0,쿠키충전이 안되었어요,"결제 되었다고 문자왔는데 충전은 안되어 있어요.
환불이나 충전 해주세요"
478,2020-10-03 10:52:33,3,0,0,삽화!!!!!,다 좋은데여 종말 왜 어느순간 삽화 안나오고 왜 꼭 앱을 다운받아야만 볼 수 있나요!
479,2020-10-02 23:28:33,2,0,0,아니 짜증나네요 ㅜㅜ,로그인이 안되네요 ㅜㅜ 거의 한달 전 부터 로그인을 해왔었는데 ㅜㅜ 로그인좀 없애주세요 ㅜㅜㅜㅜㅜㅜㅜㅜㅜㅜㅜㅠ
480,2020-10-02 09:22:16,3,0,0,대화형이미지활성화,네이버 웹소서루인터넷으로 들어가서 볼 때는 대화형 이미지 활성화할지 말지 선택이 가능한데 네이버 시리즈앱으로 소설을 볼 때는 아예 선택이 불가하네요 대화형 이미지 볼 수 있었으면 좋겠습니다
481,2020-10-02 06:41:07,1,0,0,아 이거 사용하지 마세요,이거 보다 다른 곳이 더 좋습니다 아니 쿠기 이벤트 방법대로 해도  안 주고 너무 불편합니다
482,2020-09-30 19:14:13,1,0,0,화면넘길때,화면넘기다가 소장버튼 눌러버림 개빡침 ;; 소장버튼이 왜 오른쪽에 있는지 상술티남..
483,2020-09-30 15:04:38,3,0,0,여태까지 쓴 댓글 볼 수 있는 기능,음 찾아 봐도 없는 것 같은데 네이버 시리즈는 여태까지 쓴 댓글을 한 데서 볼 수 있는 기능이 없는 건가요? 아쉽다 대충 쓰고 간 댓글을 방치했다가 봤더니 베플되어 있는 경우가 많단 말이에요... 하나 하나 기억나는 거 찾아보기도 힘들어요 좋아요 알람도 없는 것 같구 뭐 기능 못 만들어 주면 말구....
484,2020-09-30 06:18:55,1,0,0,뭐죠...,"웹소설 매일 열시무료를 해놨는데 안돼네요 
뭐죠? 몇번이고 해봐도 안돼고 오류가 났는지
1일째가 아닌 2일째인데 1일째라고 나오네요 
어처구니가 없습니다"
485,2020-09-29 23:49:47,3,0,0,시리즈 완전판 아이폰은 언제 부터 쓸수 있나요?,시리즈 완전판 아이폰에 앱도 없는거 너무 불편해요 빨리 아이폰도 쓸수 있게 해주세요
486,2020-09-29 17:30:02,1,0,0,다운이 안되는데요???,다운ㅇ할라 햇더니 다운이 안되요
487,2020-09-29 08:54:09,3,0,0,쿠키,수요일마다 쿠키주는거 무조건10개에서 최대5개랜덤으로 바꾸더니 이젠 쿠키뽑기 자체가 사라진건가요?
488,2020-09-29 03:32:00,3,0,0,이어보기 없어짐,앱에 접속하지 않고 3D터치로 최근 이어보기 기능이 없어짐.....
489,2020-09-28 22:43:20,4,0,0,너무 좋은데요,가끔가다 회차가 기억이 안 나는 경우가 있어요. 본문 내용을 검색해서 회차를 찾을 수 있었으면 좋을 것 같아요!
490,2020-09-26 19:50:42,3,0,0,제발 이벤트 좀 자세하게!,정말 즐겨보고 있는데 이벤트 공지를 좀 더 자세하게 해주심 안 될까요? 10화 보면 쿠키를 다섯개 준다길래 좋아하는 작품에 쓸려던 쿠키를 썼더니 알고보니 유료만 포함되는 거였더라구요 ㅠㅠ 덕분에 쿠키날리고 좋아하는 작품도 못 봤습니다 ㅠㅠ정말 잘 쓰고 있지만 유료 무료포함 이런 식으로 좀 해주세요 부탁드립니다 너무 짜증이 나요
491,2020-09-26 16:19:15,5,0,0,가로보기만들어주세요,가로보기 원합니다 글자크기 더 크게보길 원합니다
492,2020-09-25 19:46:40,5,0,0,오류,"최신 ios 업뎃 이후 화면이 멈추네요
홈에 다녀와야 다시 넘어가요"
493,2020-09-25 14:42:34,2,0,0,쿠키충전오류때문에,지웠다가 다시깔려고하는데 안깔리네요
494,2020-09-25 06:52:03,2,0,0,Ios 14업데이트 후 화면이 안넘어감,"그래서 홈버튼 누르고 다시 키면 또 넘어가고요
1편 볼때마다 지금 반복적으로 그러고 있네요"
495,2020-09-25 05:37:08,5,0,0,서예지배우님 보고 바로 다운합니다,"서예지, 주지훈, 수애 배우님들 진짜 찰떡"
496,2020-09-23 10:00:36,4,0,0,쿠키 결제 하면서 카드로 한번 더 결제됐는데,말 그대로 쿠키를 결제 하면서 쿠키 금액과 별개로 1100원이 한번 더 결제됐는데 이건 뭔가요 ??? 아이폰이고 앱스토어를 통해 결제했습니다
497,2020-09-23 09:03:44,2,0,0,네이버웹소설처럼,"네이버사이트에서 읽으면 대화마다 
등장인물의 삽화가 들어가있어서 보기가 너무 좋은데 오히려 시리즈앱에 그 기능이 없는게 이상하고 아쉽네요
오히려 웹사이트가 글 간격도 보기가 좋아서
시리즈앱에선 안보게되요
소설 댓글 보면 저같은 사람들이 많던데
수정좀 해주세요ㅜ"
498,2020-09-23 07:43:49,5,0,0,형광팬 기능이 있었으면 좋겠습니다.,"안녕하세요 시리즈를 좋아하는 이용자입니다:)

시리즈를 한번 붙잡고있을때 몇날몇일이고 붙잡고있지만 일이 바빠지면 한동안은 볼일이없습니다.
그러다보면 긴글을 읽으려고할때 집중하기가 어려워집니다.
그럴때 형광팬같이 줄을 그으며 읽을수있는 기능이 간절해집니다.

그냥 형광팬을 그으며 읽는것도 좋지만 정말 마음에드는 구절이나오면 형광팬을그어서 후에 두고두고읽을수 있는 부분도있었으면 좋겠다는 생각이 듭니다."
499,2020-09-22 20:09:47,1,0,0,결제는 됐는데 쿠키 충전이 안돼있어요;;;,쿠키 충전 한다고 결제 했는데 구매 내역에도 있고 통장에서 돈도 나갔는데 왜 쿠키는 충전이 안돼 있는거죠;;결제 할 때도 계속 로딩으로 뜨다가 로딩 나가면 갑자기 결제 화면 나오고;;
